"ct10_id","muni","numRooms","rentcount","meanrent","medrent"
25001010600,"CHATHAM",2,1,2500,2500
25005600100,"EASTON",1,1,3100,3100
25005600100,"EASTON",2,5,2550,2500
25005600100,"EASTON",3,1,5900,5900
25005600202,"EASTON",0,2,500,500
25005600202,"EASTON",2,2,2050,2050
25005600203,"EASTON",1,4,3122,3388
25005600203,"EASTON",2,2,4370,4370
25005600203,"EASTON",3,4,5011,4764
25005610100,"MANSFIELD",0,1,1800,1800
25005610100,"MANSFIELD",1,3,2225,2100
25005610100,"MANSFIELD",2,7,2241,2100
25005610100,"MANSFIELD",3,3,3300,3600
25005610202,"MANSFIELD",4,1,3891,3891
25005610203,"MANSFIELD",1,1,1840,1840
25005610203,"MANSFIELD",3,2,3522,3522
25005610203,"MANSFIELD",4,2,5400,5400
25005610204,"MANSFIELD",2,2,1950,1950
25005610204,"MANSFIELD",4,1,9908,9908
25005612100,"RAYNHAM",1,3,2433,2400
25005613700,"TAUNTON",3,1,2300,2300
25005613800,"TAUNTON",0,2,1575,1575
25005613800,"TAUNTON",1,4,1688,1662
25005613800,"TAUNTON",2,1,2075,2075
25005613800,"TAUNTON",3,1,2100,2100
25005630101,"NORTH ATTLEBOROUGH",3,3,2467,2500
25005630102,"NORTH ATTLEBOROUGH",1,3,1583,1500
25005630102,"NORTH ATTLEBOROUGH",2,1,2350,2350
25005630400,"NORTH ATTLEBOROUGH",3,1,2550,2550
25005631300,"ATTLEBORO",2,3,2195,2195
25005631300,"ATTLEBORO",3,1,2600,2600
25005631400,"ATTLEBORO",3,2,2350,2350
25005631500,"ATTLEBORO",2,4,2162,2175
25005632100,"SEEKONK",2,1,2450,2450
25005642300,"FALL RIVER",2,1,1600,1600
25005985600,"EASTON",0,1,3898,3898
25005985600,"EASTON",2,3,3928,3100
25009201100,"NAHANT",1,2,2062,2062
25009201100,"NAHANT",2,1,2850,2850
25009202101,"SWAMPSCOTT",2,1,2750,2750
25009202102,"SWAMPSCOTT",1,1,1650,1650
25009202102,"SWAMPSCOTT",2,4,3520,3375
25009202102,"SWAMPSCOTT",3,4,4032,3225
25009202200,"SWAMPSCOTT",1,1,1750,1750
25009202200,"SWAMPSCOTT",2,2,5299,5299
25009203200,"MARBLEHEAD",1,1,2200,2200
25009203200,"MARBLEHEAD",2,1,4500,4500
25009203200,"MARBLEHEAD",3,1,2200,2200
25009203301,"MARBLEHEAD",1,2,2050,2050
25009203302,"MARBLEHEAD",1,2,1975,1975
25009203302,"MARBLEHEAD",2,6,3208,3525
25009203302,"MARBLEHEAD",3,1,4200,4200
25009204101,"SALEM",1,1,2000,2000
25009204101,"SALEM",2,6,2771,2700
25009204101,"SALEM",3,1,2800,2800
25009204200,"SALEM",0,4,1788,1825
25009204200,"SALEM",1,69,2179,2175
25009204200,"SALEM",2,27,2704,2650
25009204200,"SALEM",3,10,3076,2988
25009204200,"SALEM",4,2,750,750
25009204300,"SALEM",0,2,2200,2200
25009204300,"SALEM",1,2,2512,2512
25009204300,"SALEM",2,10,3102,2988
25009204300,"SALEM",3,3,3517,3800
25009204300,"SALEM",4,2,3600,3600
25009204400,"SALEM",0,1,1575,1575
25009204400,"SALEM",1,1,2195,2195
25009204400,"SALEM",2,1,2675,2675
25009204500,"SALEM",2,2,2248,2248
25009204600,"SALEM",2,3,2700,2600
25009204600,"SALEM",3,3,2600,2300
25009204600,"SALEM",4,1,3750,3750
25009204701,"SALEM",1,1,1700,1700
25009204701,"SALEM",2,6,2517,2550
25009204701,"SALEM",3,4,3238,2950
25009204702,"SALEM",1,4,2109,2024
25009204702,"SALEM",2,20,2684,2555
25009204702,"SALEM",3,2,2700,2700
25009205100,"LYNN",2,1,2500,2500
25009205200,"LYNN",1,1,1800,1800
25009205300,"LYNN",2,2,2675,2675
25009205300,"LYNN",3,3,3767,3600
25009205400,"LYNN",3,1,3200,3200
25009205500,"LYNN",1,3,1967,1950
25009205500,"LYNN",2,1,2500,2500
25009205500,"LYNN",3,1,3000,3000
25009205600,"LYNN",1,1,2450,2450
25009205600,"LYNN",2,3,3268,3280
25009205600,"LYNN",4,1,3155,3155
25009205700,"LYNN",2,1,2000,2000
25009205800,"LYNN",2,1,2750,2750
25009205800,"LYNN",3,1,2850,2850
25009205900,"LYNN",3,1,3100,3100
25009206000,"LYNN",1,1,1970,1970
25009206000,"LYNN",3,2,3100,3100
25009206000,"LYNN",4,1,3500,3500
25009206100,"LYNN",0,1,995,995
25009206100,"LYNN",1,1,1850,1850
25009206200,"LYNN",1,1,2100,2100
25009206200,"LYNN",2,1,2250,2250
25009206200,"LYNN",3,3,3000,3000
25009206300,"LYNN",0,1,1400,1400
25009206300,"LYNN",1,2,1675,1675
25009206300,"LYNN",2,8,2349,2250
25009206300,"LYNN",3,10,3154,3000
25009206300,"LYNN",4,1,3550,3550
25009206300,"LYNN",5,1,3500,3500
25009206300,"LYNN",6,1,4600,4600
25009206400,"LYNN",2,8,2321,2350
25009206400,"LYNN",3,3,3025,3000
25009206500,"LYNN",2,1,2350,2350
25009206500,"LYNN",3,3,2900,2900
25009206600,"LYNN",0,1,2025,2025
25009206600,"LYNN",1,1,2100,2100
25009206600,"LYNN",2,7,2486,2450
25009206600,"LYNN",3,3,2733,2800
25009206700,"LYNN",0,2,1790,1790
25009206700,"LYNN",1,6,2067,2100
25009206700,"LYNN",2,3,2493,2500
25009206700,"LYNN",3,4,3081,3062
25009206700,"LYNN",6,1,4600,4600
25009206800,"LYNN",0,12,1676,1675
25009206800,"LYNN",1,27,2185,2200
25009206800,"LYNN",2,3,2392,2425
25009206800,"LYNN",3,4,3050,3000
25009206900,"LYNN",1,4,1918,1792
25009206900,"LYNN",2,1,2745,2745
25009206900,"LYNN",3,4,3350,3100
25009207000,"LYNN",0,5,1171,895
25009207000,"LYNN",1,2,1625,1625
25009207000,"LYNN",2,2,2575,2575
25009207000,"LYNN",3,2,3050,3050
25009207000,"LYNN",4,1,3600,3600
25009207100,"LYNN",1,2,1525,1525
25009207200,"LYNN",4,1,3650,3650
25009208101,"SAUGUS",1,2,1650,1650
25009208101,"SAUGUS",2,1,2400,2400
25009208101,"SAUGUS",6,1,4500,4500
25009208102,"SAUGUS",1,1,1950,1950
25009208102,"SAUGUS",2,1,2500,2500
25009208102,"SAUGUS",3,1,2800,2800
25009208200,"SAUGUS",0,1,1500,1500
25009208200,"SAUGUS",1,2,1750,1750
25009208200,"SAUGUS",2,1,2100,2100
25009208200,"SAUGUS",3,2,3150,3150
25009208200,"SAUGUS",4,2,3650,3650
25009208300,"SAUGUS",2,1,2620,2620
25009208400,"SAUGUS",1,1,3605,3605
25009208400,"SAUGUS",2,3,3544,3767
25009208400,"SAUGUS",3,2,3800,3800
25009209100,"LYNNFIELD",4,1,5200,5200
25009210100,"PEABODY",4,2,4000,4000
25009210300,"PEABODY",1,13,2431,2496
25009210300,"PEABODY",2,20,3069,3021
25009210300,"PEABODY",3,6,3063,2850
25009210300,"PEABODY",4,1,4000,4000
25009210400,"PEABODY",1,3,1800,1800
25009210500,"PEABODY",1,2,1808,1808
25009210500,"PEABODY",2,4,2446,2122
25009210700,"PEABODY",0,2,1650,1650
25009210700,"PEABODY",1,5,1890,1800
25009210700,"PEABODY",2,1,2300,2300
25009210800,"PEABODY",0,1,995,995
25009210800,"PEABODY",1,5,1900,1899
25009210800,"PEABODY",2,3,2650,2750
25009210900,"PEABODY",2,1,2100,2100
25009210900,"PEABODY",3,1,3000,3000
25009211100,"DANVERS",1,1,2350,2350
25009211100,"DANVERS",2,3,2533,2500
25009211100,"DANVERS",3,3,3500,3500
25009211200,"DANVERS",1,3,1867,1800
25009211200,"DANVERS",2,8,2436,2300
25009211200,"DANVERS",3,2,3225,3225
25009211300,"DANVERS",1,1,1500,1500
25009211300,"DANVERS",3,1,3750,3750
25009211401,"DANVERS",1,2,2100,2100
25009211401,"DANVERS",2,1,2375,2375
25009211402,"DANVERS",1,2,2524,2524
25009211402,"DANVERS",2,1,2600,2600
25009212100,"MIDDLETON",2,3,2883,3250
25009212100,"MIDDLETON",4,1,3850,3850
25009214100,"TOPSFIELD",5,1,7789,7789
25009215101,"HAMILTON",2,2,2500,2500
25009217100,"BEVERLY",2,3,3110,2900
25009217202,"BEVERLY",0,1,2200,2200
25009217202,"BEVERLY",2,1,2575,2575
25009217202,"BEVERLY",3,1,10000,10000
25009217300,"BEVERLY",1,7,2008,1990
25009217300,"BEVERLY",2,17,2582,2600
25009217300,"BEVERLY",3,1,2700,2700
25009217300,"BEVERLY",5,1,5000,5000
25009217400,"BEVERLY",1,4,2075,2100
25009217400,"BEVERLY",2,10,2585,2700
25009217400,"BEVERLY",3,3,3250,3300
25009217500,"BEVERLY",1,1,2300,2300
25009217500,"BEVERLY",2,1,2850,2850
25009217500,"BEVERLY",3,3,2933,3100
25009217600,"BEVERLY",2,1,3500,3500
25009217600,"BEVERLY",3,1,3300,3300
25009218100,"MANCHESTER",0,1,1300,1300
25009218100,"MANCHESTER",2,1,1800,1800
25009218100,"MANCHESTER",3,1,3000,3000
25009220101,"ROCKPORT",0,5,1738,1750
25009220101,"ROCKPORT",1,2,1625,1625
25009220101,"ROCKPORT",2,1,2195,2195
25009220102,"ROCKPORT",1,1,1975,1975
25009220102,"ROCKPORT",2,2,2500,2500
25009220102,"ROCKPORT",3,1,3500,3500
25009221300,"GLOUCESTER",1,1,2200,2200
25009221300,"GLOUCESTER",2,1,2900,2900
25009221300,"GLOUCESTER",3,2,2875,2875
25009221400,"GLOUCESTER",2,6,2417,2425
25009221400,"GLOUCESTER",4,2,4000,4000
25009221500,"GLOUCESTER",0,1,1300,1300
25009221500,"GLOUCESTER",1,2,1895,1895
25009221500,"GLOUCESTER",2,3,2298,2300
25009221500,"GLOUCESTER",3,2,3100,3100
25009221500,"GLOUCESTER",4,1,3600,3600
25009221600,"GLOUCESTER",1,6,2000,2025
25009221600,"GLOUCESTER",2,2,2275,2275
25009221600,"GLOUCESTER",3,4,2874,3000
25009221700,"GLOUCESTER",1,2,1850,1850
25009221700,"GLOUCESTER",2,3,2465,2495
25009221700,"GLOUCESTER",3,3,2517,2450
25009221902,"GLOUCESTER",2,1,3300,3300
25009221902,"GLOUCESTER",4,1,9000,9000
25009222100,"ESSEX",1,1,2200,2200
25009223100,"IPSWICH",2,1,2500,2500
25009223200,"IPSWICH",0,2,1600,1600
25009223200,"IPSWICH",1,4,1675,1750
25009223200,"IPSWICH",2,1,2550,2550
25009223300,"IPSWICH",1,1,2300,2300
25009223300,"IPSWICH",3,1,3200,3200
25009250100,"LAWRENCE",1,3,1371,1400
25009250100,"LAWRENCE",2,4,2219,2212
25009250100,"LAWRENCE",3,3,2633,2250
25009250200,"LAWRENCE",2,2,2100,2100
25009250500,"LAWRENCE",4,1,2500,2500
25009250600,"LAWRENCE",3,1,2350,2350
25009250800,"LAWRENCE",3,2,2418,2418
25009250900,"LAWRENCE",1,2,1800,1800
25009250900,"LAWRENCE",4,1,2795,2795
25009251000,"LAWRENCE",3,1,2200,2200
25009251100,"LAWRENCE",1,2,1008,1008
25009251100,"LAWRENCE",3,3,2367,2400
25009251200,"LAWRENCE",1,4,1320,1340
25009251300,"LAWRENCE",1,3,1667,1650
25009251300,"LAWRENCE",2,2,2048,2048
25009251300,"LAWRENCE",4,1,2450,2450
25009251400,"LAWRENCE",2,2,2010,2010
25009251500,"LAWRENCE",0,1,1100,1100
25009251500,"LAWRENCE",1,2,1800,1800
25009251500,"LAWRENCE",2,5,2114,2000
25009251500,"LAWRENCE",3,4,2588,2600
25009251600,"LAWRENCE",1,1,1000,1000
25009251700,"LAWRENCE",2,1,1750,1750
25009251700,"LAWRENCE",6,1,950,950
25009251800,"LAWRENCE",0,4,1719,1725
25009251800,"LAWRENCE",1,11,1913,1940
25009251800,"LAWRENCE",2,19,2224,2200
25009251800,"LAWRENCE",3,1,2000,2000
25009252101,"METHUEN",1,1,1850,1850
25009252101,"METHUEN",4,1,4000,4000
25009252102,"METHUEN",1,1,1700,1700
25009252201,"METHUEN",0,2,1725,1725
25009252201,"METHUEN",1,1,1925,1925
25009252201,"METHUEN",2,1,2125,2125
25009252202,"METHUEN",1,1,1700,1700
25009252300,"METHUEN",0,1,950,950
25009252300,"METHUEN",1,3,1517,1700
25009252300,"METHUEN",2,3,2400,2400
25009252300,"METHUEN",3,2,2400,2400
25009252300,"METHUEN",4,2,3200,3200
25009252400,"METHUEN",1,2,1675,1675
25009252400,"METHUEN",2,1,2000,2000
25009252502,"METHUEN",1,3,1642,1900
25009252502,"METHUEN",2,2,2650,2650
25009252502,"METHUEN",3,1,2750,2750
25009252601,"METHUEN",0,1,1500,1500
25009252603,"METHUEN",2,1,2200,2200
25009253100,"NORTH ANDOVER",0,1,1875,1875
25009253100,"NORTH ANDOVER",2,6,3172,3176
25009253100,"NORTH ANDOVER",3,3,2917,2875
25009253201,"NORTH ANDOVER",1,1,2839,2839
25009253201,"NORTH ANDOVER",2,4,3058,3308
25009253201,"NORTH ANDOVER",3,1,2950,2950
25009253202,"NORTH ANDOVER",1,2,2099,2099
25009253202,"NORTH ANDOVER",2,10,2500,2400
25009253202,"NORTH ANDOVER",3,6,3100,3250
25009253203,"NORTH ANDOVER",1,2,2112,2112
25009253203,"NORTH ANDOVER",2,2,2600,2600
25009253205,"NORTH ANDOVER",2,1,2550,2550
25009254100,"ANDOVER",1,4,2075,1875
25009254100,"ANDOVER",2,2,2750,2750
25009254100,"ANDOVER",3,2,5500,5500
25009254200,"ANDOVER",0,2,1495,1495
25009254200,"ANDOVER",1,5,1730,1725
25009254200,"ANDOVER",2,1,2600,2600
25009254301,"ANDOVER",2,1,3485,3485
25009254301,"ANDOVER",3,1,4200,4200
25009254401,"ANDOVER",1,2,2025,2025
25009254401,"ANDOVER",2,4,2938,2900
25009254403,"ANDOVER",2,2,1995,1995
25009254403,"ANDOVER",3,1,3100,3100
25009254403,"ANDOVER",4,1,5150,5150
25009260100,"HAVERHILL",0,3,1783,1750
25009260100,"HAVERHILL",1,12,2091,2095
25009260100,"HAVERHILL",2,3,1998,1895
25009260200,"HAVERHILL",0,1,1600,1600
25009260200,"HAVERHILL",1,4,1830,1910
25009260200,"HAVERHILL",2,6,2029,2075
25009260200,"HAVERHILL",4,1,3000,3000
25009260301,"HAVERHILL",1,2,1700,1700
25009260302,"HAVERHILL",1,1,1800,1800
25009260402,"HAVERHILL",4,1,3100,3100
25009260500,"HAVERHILL",2,4,1900,1875
25009260500,"HAVERHILL",3,2,2550,2550
25009260500,"HAVERHILL",4,1,2850,2850
25009260600,"HAVERHILL",2,2,2491,2491
25009260700,"HAVERHILL",3,1,3250,3250
25009260800,"HAVERHILL",1,4,1542,1638
25009260800,"HAVERHILL",2,3,2157,2270
25009260800,"HAVERHILL",3,1,2300,2300
25009260900,"HAVERHILL",2,3,1983,2000
25009260900,"HAVERHILL",3,1,2200,2200
25009261000,"HAVERHILL",2,2,2675,2675
25009261000,"HAVERHILL",3,2,2300,2300
25009261102,"HAVERHILL",1,6,2336,2460
25009261102,"HAVERHILL",2,1,2300,2300
25009262100,"MERRIMAC",1,1,2100,2100
25009265101,"GEORGETOWN",1,1,1850,1850
25009266200,"AMESBURY",1,1,1379,1379
25009266200,"AMESBURY",2,3,2417,2450
25009266200,"AMESBURY",3,2,3200,3200
25009266400,"AMESBURY",0,1,1950,1950
25009267101,"SALISBURY",1,1,1800,1800
25009267102,"SALISBURY",2,3,2600,2550
25009267102,"SALISBURY",3,1,3900,3900
25009268200,"NEWBURYPORT",0,2,2300,2300
25009268200,"NEWBURYPORT",1,4,2038,1950
25009268300,"NEWBURYPORT",0,3,2057,1990
25009268300,"NEWBURYPORT",1,5,2348,2490
25009268300,"NEWBURYPORT",2,5,2734,2800
25009268300,"NEWBURYPORT",3,2,4025,4025
25009268400,"NEWBURYPORT",1,5,3007,2145
25009268400,"NEWBURYPORT",2,3,3383,3700
25009269100,"NEWBURY",0,1,1200,1200
25009269100,"NEWBURY",1,2,2275,2275
25009269100,"NEWBURY",2,3,2928,2995
25009269100,"NEWBURY",3,3,3900,3800
25009270100,"ROWLEY",2,1,2500,2500
25015821500,"HATFIELD",0,1,2500,2500
25017301101,"TOWNSEND",3,1,1850,1850
25017310100,"LOWELL",0,5,1635,1875
25017310100,"LOWELL",1,16,1936,2000
25017310100,"LOWELL",2,23,2263,2300
25017310100,"LOWELL",3,3,2532,2495
25017310100,"LOWELL",4,1,3000,3000
25017310200,"LOWELL",1,1,1375,1375
25017310200,"LOWELL",2,3,1917,1950
25017310200,"LOWELL",3,2,3050,3050
25017310300,"LOWELL",1,5,1090,900
25017310300,"LOWELL",2,7,1890,1837
25017310300,"LOWELL",3,3,2333,2400
25017310400,"LOWELL",2,2,2000,2000
25017310400,"LOWELL",4,4,3625,3150
25017310500,"LOWELL",1,4,1431,1412
25017310500,"LOWELL",2,3,2617,2550
25017310500,"LOWELL",3,5,2492,2695
25017310500,"LOWELL",5,1,3300,3300
25017310601,"LOWELL",1,1,2200,2200
25017310601,"LOWELL",2,1,2400,2400
25017310602,"LOWELL",0,1,1700,1700
25017310602,"LOWELL",1,17,1634,1550
25017310602,"LOWELL",2,6,2440,2375
25017310602,"LOWELL",3,9,2613,2500
25017310700,"LOWELL",1,6,2138,2350
25017310700,"LOWELL",2,5,2330,2550
25017310700,"LOWELL",3,1,1975,1975
25017310700,"LOWELL",4,4,1764,1695
25017311100,"LOWELL",1,1,1650,1650
25017311100,"LOWELL",2,1,2500,2500
25017311100,"LOWELL",3,1,2500,2500
25017311200,"LOWELL",1,1,1850,1850
25017311200,"LOWELL",4,2,3000,3000
25017311300,"LOWELL",1,2,1688,1688
25017311300,"LOWELL",2,1,2000,2000
25017311300,"LOWELL",3,2,2450,2450
25017311300,"LOWELL",4,3,2883,2850
25017311400,"LOWELL",0,6,1700,1699
25017311400,"LOWELL",1,6,2033,2100
25017311400,"LOWELL",2,18,2089,2100
25017311500,"LOWELL",1,2,1522,1522
25017311500,"LOWELL",2,1,2095,2095
25017311500,"LOWELL",3,1,2900,2900
25017311500,"LOWELL",4,4,3125,3100
25017311600,"LOWELL",0,1,350,350
25017311600,"LOWELL",1,8,1669,1800
25017311600,"LOWELL",2,5,1955,1825
25017311700,"LOWELL",2,1,2400,2400
25017311700,"LOWELL",3,4,2521,2395
25017311800,"LOWELL",1,5,1785,1800
25017311800,"LOWELL",3,2,2300,2300
25017311800,"LOWELL",4,4,2600,2450
25017311900,"LOWELL",1,2,2044,2044
25017311900,"LOWELL",2,7,2032,2100
25017311900,"LOWELL",3,4,2325,2350
25017312000,"LOWELL",3,4,2375,2400
25017312000,"LOWELL",4,2,2725,2725
25017312100,"LOWELL",2,4,2162,2175
25017312100,"LOWELL",3,14,2644,2622
25017312100,"LOWELL",4,1,2350,2350
25017312200,"LOWELL",2,4,2599,2622
25017312200,"LOWELL",3,1,2700,2700
25017312200,"LOWELL",4,1,3200,3200
25017312200,"LOWELL",5,3,2833,2900
25017312300,"LOWELL",0,2,1375,1375
25017312300,"LOWELL",1,16,1612,1595
25017312300,"LOWELL",2,7,1964,2000
25017312300,"LOWELL",3,3,2683,2675
25017312300,"LOWELL",4,2,2862,2862
25017312300,"LOWELL",5,1,3800,3800
25017312400,"LOWELL",1,1,1300,1300
25017312400,"LOWELL",2,1,1500,1500
25017312400,"LOWELL",3,2,2400,2400
25017312501,"LOWELL",0,1,1500,1500
25017312501,"LOWELL",1,2,1550,1550
25017312501,"LOWELL",2,4,2431,2500
25017312501,"LOWELL",3,1,2350,2350
25017312501,"LOWELL",4,1,2700,2700
25017312502,"LOWELL",1,2,1600,1600
25017312502,"LOWELL",2,2,2048,2048
25017313101,"TYNGSBOROUGH",2,1,2799,2799
25017313102,"TYNGSBOROUGH",2,5,2069,2085
25017313102,"TYNGSBOROUGH",3,2,3599,3599
25017314101,"DRACUT",2,1,2250,2250
25017314102,"DRACUT",2,9,2299,2275
25017314102,"DRACUT",3,1,2700,2700
25017314200,"DRACUT",1,1,1825,1825
25017314200,"DRACUT",2,2,2048,2048
25017314200,"DRACUT",4,1,4000,4000
25017314301,"DRACUT",2,2,2285,2285
25017315200,"TEWKSBURY",2,2,2625,2625
25017315200,"TEWKSBURY",3,1,3527,3527
25017315401,"TEWKSBURY",2,4,2486,2575
25017315403,"TEWKSBURY",1,1,2250,2250
25017315500,"TEWKSBURY",1,2,1850,1850
25017315500,"TEWKSBURY",2,4,2462,2525
25017316102,"BILLERICA",0,1,1300,1300
25017316102,"BILLERICA",1,7,2099,2195
25017316102,"BILLERICA",2,3,2600,2600
25017316102,"BILLERICA",3,1,3600,3600
25017316202,"BILLERICA",3,2,3850,3850
25017316202,"BILLERICA",4,1,5000,5000
25017316300,"BILLERICA",0,1,1750,1750
25017316300,"BILLERICA",1,6,2146,2112
25017316300,"BILLERICA",2,14,2738,2659
25017316500,"BILLERICA",2,1,6500,6500
25017316500,"BILLERICA",3,1,2300,2300
25017317101,"CHELMSFORD",0,2,1700,1700
25017317101,"CHELMSFORD",1,3,1700,1700
25017317101,"CHELMSFORD",2,6,2741,2775
25017317102,"CHELMSFORD",2,3,3067,2990
25017317102,"CHELMSFORD",3,1,3000,3000
25017317103,"CHELMSFORD",4,1,4950,4950
25017317301,"CHELMSFORD",2,2,2675,2675
25017317301,"CHELMSFORD",3,3,3333,3600
25017317302,"CHELMSFORD",1,5,1980,1875
25017317302,"CHELMSFORD",2,15,2274,2150
25017317302,"CHELMSFORD",3,2,3200,3200
25017318100,"WESTFORD",1,1,2250,2250
25017318200,"WESTFORD",1,1,1450,1450
25017318200,"WESTFORD",2,2,3098,3098
25017318200,"WESTFORD",3,2,3472,3472
25017318200,"WESTFORD",4,1,4800,4800
25017318400,"WESTFORD",2,1,3270,3270
25017318400,"WESTFORD",3,1,3700,3700
25017320102,"HOPKINTON",2,2,3375,3375
25017320102,"UPTON",2,1,3300,3300
25017320103,"HOPKINTON",2,1,4500,4500
25017320103,"HOPKINTON",3,1,4800,4800
25017320104,"HOPKINTON",1,3,2191,2053
25017320104,"HOPKINTON",2,4,2881,2737
25017320104,"HOPKINTON",3,1,1280,1280
25017320104,"HOPKINTON",4,1,4500,4500
25017321100,"MARLBOROUGH",1,1,1795,1795
25017321100,"MARLBOROUGH",2,4,2739,2884
25017321200,"MARLBOROUGH",1,3,2355,2389
25017321200,"MARLBOROUGH",2,6,2595,2633
25017321200,"MARLBOROUGH",3,1,3850,3850
25017321200,"MARLBOROUGH",4,1,3300,3300
25017321300,"MARLBOROUGH",0,1,1050,1050
25017321300,"MARLBOROUGH",1,10,1671,1685
25017321300,"MARLBOROUGH",2,7,2009,1825
25017321300,"MARLBOROUGH",3,1,1950,1950
25017321300,"MARLBOROUGH",4,1,2695,2695
25017321400,"MARLBOROUGH",1,5,2855,2935
25017321400,"MARLBOROUGH",2,13,3436,3591
25017321400,"MARLBOROUGH",3,1,2712,2712
25017321500,"MARLBOROUGH",0,2,1498,1498
25017321500,"MARLBOROUGH",1,2,2200,2200
25017321500,"MARLBOROUGH",2,2,2400,2400
25017321500,"MARLBOROUGH",3,2,2650,2650
25017321600,"MARLBOROUGH",0,2,1372,1372
25017321600,"MARLBOROUGH",1,1,1950,1950
25017321600,"MARLBOROUGH",2,2,2025,2025
25017321600,"MARLBOROUGH",3,2,3558,3558
25017322100,"HUDSON",2,1,1725,1725
25017322200,"HUDSON",1,1,1695,1695
25017322200,"HUDSON",2,2,2125,2125
25017322200,"HUDSON",3,1,3900,3900
25017322300,"HUDSON",2,4,2366,2475
25017322300,"HUDSON",3,1,2750,2750
25017322400,"HUDSON",1,1,1650,1650
25017322400,"HUDSON",2,4,2516,2475
25017323100,"STOW",1,6,2508,2400
25017323100,"STOW",2,1,2695,2695
25017323100,"STOW",3,1,4800,4800
25017324101,"LITTLETON",0,2,1400,1400
25017324101,"LITTLETON",1,2,1525,1525
25017324101,"LITTLETON",2,4,2849,2848
25017324102,"LITTLETON",1,1,1850,1850
25017324102,"LITTLETON",2,1,3700,3700
25017324102,"LITTLETON",3,1,4500,4500
25017325100,"AYER",1,4,1538,1500
25017325100,"AYER",2,4,2106,2212
25017326101,"GROTON",3,1,2900,2900
25017326102,"GROTON",1,3,1600,1600
25017327102,"PEPPERELL",2,1,1795,1795
25017327102,"PEPPERELL",3,2,2800,2800
25017327103,"PEPPERELL",2,1,1850,1850
25017330100,"NORTH READING",0,1,400,400
25017330100,"NORTH READING",1,2,1600,1600
25017330200,"NORTH READING",1,1,2700,2700
25017330200,"NORTH READING",2,2,2726,2726
25017330200,"NORTH READING",4,1,5600,5600
25017331101,"WILMINGTON",0,1,1750,1750
25017331101,"WILMINGTON",2,3,3200,3150
25017331102,"WILMINGTON",0,2,1650,1650
25017331102,"WILMINGTON",1,2,2050,2050
25017332100,"BURLINGTON",4,1,3975,3975
25017332200,"BURLINGTON",1,2,2982,2982
25017332200,"BURLINGTON",2,6,4012,4211
25017332200,"BURLINGTON",3,3,4482,4457
25017332300,"BURLINGTON",1,6,1962,2075
25017332300,"BURLINGTON",2,7,2468,2400
25017332400,"BURLINGTON",1,2,3100,3100
25017332400,"BURLINGTON",2,2,3724,3724
25017332400,"BURLINGTON",5,1,4400,4400
25017333100,"WOBURN",1,6,2088,2095
25017333100,"WOBURN",2,8,2509,2522
25017333100,"WOBURN",3,1,3999,3999
25017333200,"WOBURN",0,4,2320,2518
25017333200,"WOBURN",1,30,2336,2414
25017333200,"WOBURN",2,26,2803,2843
25017333200,"WOBURN",3,3,1900,950
25017333200,"WOBURN",4,2,3650,3650
25017333300,"WOBURN",1,8,1952,2000
25017333300,"WOBURN",2,2,2772,2772
25017333300,"WOBURN",3,1,3100,3100
25017333300,"WOBURN",4,1,3500,3500
25017333400,"WOBURN",1,5,2357,2345
25017333400,"WOBURN",2,15,2850,2700
25017333400,"WOBURN",3,2,2975,2975
25017333501,"WOBURN",0,1,2000,2000
25017333501,"WOBURN",1,3,2000,1850
25017333501,"WOBURN",2,9,2572,2300
25017333502,"WOBURN",1,6,1931,1950
25017333502,"WOBURN",2,6,2516,2325
25017333502,"WOBURN",3,5,2160,2900
25017333502,"WOBURN",4,1,3100,3100
25017333600,"WOBURN",0,2,2000,2000
25017333600,"WOBURN",1,9,3043,2350
25017333600,"WOBURN",2,27,3198,2800
25017333600,"WOBURN",3,11,5370,4790
25017334100,"READING",1,3,3017,3080
25017334100,"READING",2,2,4634,4634
25017334200,"READING",1,2,2272,2272
25017334200,"READING",2,6,2708,2650
25017334200,"READING",3,2,4250,4250
25017334300,"READING",2,2,2600,2600
25017334400,"READING",1,3,1950,2100
25017334400,"READING",2,2,2725,2725
25017334400,"READING",4,1,5850,5850
25017335100,"WAKEFIELD",1,9,2855,2655
25017335100,"WAKEFIELD",2,5,3300,3000
25017335200,"WAKEFIELD",1,2,1925,1925
25017335200,"WAKEFIELD",2,6,2212,2262
25017335200,"WAKEFIELD",3,2,3300,3300
25017335301,"WAKEFIELD",1,4,1750,1750
25017335301,"WAKEFIELD",2,5,2320,2300
25017335302,"WAKEFIELD",2,1,2400,2400
25017335302,"WAKEFIELD",3,1,3700,3700
25017335400,"WAKEFIELD",1,5,1953,1550
25017335400,"WAKEFIELD",2,1,2600,2600
25017336100,"MELROSE",1,6,1873,1872
25017336100,"MELROSE",2,10,2765,2500
25017336200,"MELROSE",1,5,1894,1895
25017336200,"MELROSE",2,2,2700,2700
25017336200,"MELROSE",3,2,3244,3244
25017336300,"MELROSE",3,1,2890,2890
25017336401,"MELROSE",0,3,1827,1495
25017336401,"MELROSE",1,9,2344,2694
25017336401,"MELROSE",2,7,3485,3759
25017336401,"MELROSE",3,3,4254,3767
25017336402,"MELROSE",1,13,1877,1850
25017336402,"MELROSE",2,1,2400,2400
25017336402,"MELROSE",4,1,3300,3300
25017337102,"STONEHAM",0,1,1795,1795
25017337102,"STONEHAM",1,2,1450,1450
25017337102,"STONEHAM",2,1,4288,4288
25017337201,"STONEHAM",1,6,2079,2095
25017337201,"STONEHAM",2,5,2800,2600
25017337202,"STONEHAM",1,5,2047,2095
25017337202,"STONEHAM",2,3,2692,2650
25017337202,"STONEHAM",3,1,4850,4850
25017337300,"STONEHAM",0,1,1750,1750
25017337300,"STONEHAM",1,5,2030,1900
25017337300,"STONEHAM",2,12,2530,2472
25017337300,"STONEHAM",3,2,3100,3100
25017337300,"STONEHAM",4,2,3600,3600
25017337300,"STONEHAM",6,1,5497,5497
25017338100,"WINCHESTER",0,3,1857,1875
25017338100,"WINCHESTER",1,1,2195,2195
25017338100,"WINCHESTER",2,3,2398,2400
25017338100,"WINCHESTER",3,1,3400,3400
25017338200,"WINCHESTER",0,1,1800,1800
25017338200,"WINCHESTER",1,4,2036,2048
25017338200,"WINCHESTER",2,3,2925,2800
25017338200,"WINCHESTER",3,4,3688,3450
25017338200,"WINCHESTER",4,2,4300,4300
25017338300,"WINCHESTER",0,2,1500,1500
25017338300,"WINCHESTER",1,4,2156,2112
25017338300,"WINCHESTER",2,1,2325,2325
25017338500,"WINCHESTER",0,5,1800,1800
25017339100,"MEDFORD",0,2,1800,1800
25017339100,"MEDFORD",1,12,2088,2195
25017339100,"MEDFORD",2,32,2888,2850
25017339100,"MEDFORD",3,14,3671,3675
25017339100,"MEDFORD",4,10,4554,4475
25017339100,"MEDFORD",5,2,5248,5248
25017339200,"MEDFORD",1,1,2050,2050
25017339200,"MEDFORD",2,8,2888,2950
25017339200,"MEDFORD",3,1,4000,4000
25017339200,"MEDFORD",4,1,6500,6500
25017339300,"MEDFORD",0,2,1700,1700
25017339300,"MEDFORD",1,7,2236,2300
25017339300,"MEDFORD",2,4,3050,2850
25017339300,"MEDFORD",3,5,3799,4000
25017339300,"MEDFORD",4,5,4420,4400
25017339300,"MEDFORD",5,1,1100,1100
25017339300,"MEDFORD",6,3,6828,6995
25017339400,"MEDFORD",0,1,1750,1750
25017339400,"MEDFORD",1,2,2675,2675
25017339400,"MEDFORD",2,14,3293,3300
25017339400,"MEDFORD",3,14,3543,3525
25017339400,"MEDFORD",4,14,4258,4400
25017339400,"MEDFORD",5,3,6133,6200
25017339400,"SOMERVILLE",2,7,3126,3100
25017339400,"SOMERVILLE",3,3,2856,3800
25017339400,"SOMERVILLE",5,6,4888,4925
25017339500,"MEDFORD",0,2,2056,2056
25017339500,"MEDFORD",1,4,1969,2350
25017339500,"MEDFORD",2,13,3015,3000
25017339500,"MEDFORD",3,13,3715,3750
25017339500,"MEDFORD",4,7,4404,4495
25017339600,"MEDFORD",0,1,1895,1895
25017339600,"MEDFORD",1,12,1692,1225
25017339600,"MEDFORD",2,31,3234,3200
25017339600,"MEDFORD",3,62,3871,3900
25017339600,"MEDFORD",4,31,4427,4500
25017339600,"MEDFORD",5,18,5280,5550
25017339600,"SOMERVILLE",4,1,5000,5000
25017339700,"MEDFORD",1,7,2564,2550
25017339700,"MEDFORD",2,22,3090,3150
25017339700,"MEDFORD",3,20,3642,3695
25017339700,"MEDFORD",4,12,4588,4600
25017339700,"MEDFORD",5,5,6268,6295
25017339700,"MEDFORD",6,4,6565,6495
25017339801,"MEDFORD",1,3,3129,2400
25017339801,"MEDFORD",2,13,3520,3150
25017339801,"MEDFORD",3,12,3470,3300
25017339801,"MEDFORD",5,2,3930,3930
25017339802,"MEDFORD",1,1,2400,2400
25017339802,"MEDFORD",2,13,3005,2997
25017339802,"MEDFORD",3,9,3722,3700
25017339802,"MEDFORD",4,4,4425,4400
25017339802,"MEDFORD",5,3,5848,5750
25017339900,"MEDFORD",1,13,2350,2395
25017339900,"MEDFORD",2,16,2971,2948
25017339900,"MEDFORD",3,9,3478,3400
25017339900,"MEDFORD",4,3,4100,4400
25017339900,"MEDFORD",5,2,3950,3950
25017340000,"MEDFORD",0,1,1750,1750
25017340000,"MEDFORD",1,1,2200,2200
25017340000,"MEDFORD",2,6,2717,2700
25017340000,"MEDFORD",3,7,3621,3750
25017340000,"MEDFORD",4,3,3217,3600
25017340100,"MEDFORD",0,1,1755,1755
25017340100,"MEDFORD",2,8,2838,2950
25017340100,"MEDFORD",3,10,3700,3500
25017340100,"MEDFORD",4,8,4381,4600
25017340100,"MEDFORD",5,1,6200,6200
25017341101,"MALDEN",0,5,1515,1600
25017341101,"MALDEN",2,2,2450,2450
25017341101,"MALDEN",3,3,4182,4000
25017341101,"MALDEN",4,1,3295,3295
25017341102,"MALDEN",0,6,1700,1725
25017341102,"MALDEN",1,21,2178,2200
25017341102,"MALDEN",2,18,2598,2698
25017341102,"MALDEN",3,13,3360,3200
25017341200,"MALDEN",1,1,2100,2100
25017341200,"MALDEN",2,8,2717,2698
25017341200,"MALDEN",3,11,3178,3100
25017341200,"MALDEN",4,2,3700,3700
25017341300,"MALDEN",1,12,2496,2532
25017341300,"MALDEN",2,27,3092,3027
25017341300,"MALDEN",3,2,3650,3650
25017341400,"MALDEN",1,5,2260,2150
25017341400,"MALDEN",2,2,3325,3325
25017341400,"MALDEN",3,6,3008,3000
25017341400,"MALDEN",4,1,3700,3700
25017341400,"MALDEN",5,1,3800,3800
25017341500,"MALDEN",0,1,1700,1700
25017341500,"MALDEN",1,15,1976,1950
25017341500,"MALDEN",2,12,2700,2575
25017341500,"MALDEN",3,7,3413,3500
25017341500,"MALDEN",4,6,3347,3350
25017341500,"MALDEN",5,3,4433,4500
25017341600,"MALDEN",1,6,2238,2250
25017341600,"MALDEN",2,9,2667,2600
25017341600,"MALDEN",3,1,3500,3500
25017341600,"MALDEN",4,3,4933,5500
25017341700,"MALDEN",1,1,2400,2400
25017341700,"MALDEN",2,2,2600,2600
25017341700,"MALDEN",3,5,2994,2872
25017341800,"MALDEN",1,6,2167,2250
25017341800,"MALDEN",2,2,2725,2725
25017341800,"MALDEN",3,6,3300,2875
25017341901,"MALDEN",2,3,3300,3400
25017341902,"MALDEN",1,1,2200,2200
25017341902,"MALDEN",2,2,2600,2600
25017341902,"MALDEN",3,7,3128,3000
25017341902,"MALDEN",4,1,3595,3595
25017342101,"EVERETT",1,1,1850,1850
25017342101,"EVERETT",2,1,2700,2700
25017342101,"EVERETT",3,5,2860,2800
25017342102,"EVERETT",1,1,2100,2100
25017342102,"EVERETT",2,3,2367,2400
25017342102,"EVERETT",3,4,5682,5601
25017342201,"EVERETT",1,5,2385,2000
25017342201,"EVERETT",2,10,2455,2475
25017342201,"EVERETT",3,2,3000,3000
25017342201,"EVERETT",4,3,3500,3400
25017342202,"EVERETT",1,2,1795,1795
25017342202,"EVERETT",2,1,2500,2500
25017342202,"EVERETT",4,1,3995,3995
25017342300,"EVERETT",1,2,2300,2300
25017342300,"EVERETT",2,8,2528,2500
25017342300,"EVERETT",3,5,3235,3300
25017342300,"EVERETT",4,2,4300,4300
25017342300,"EVERETT",5,1,4000,4000
25017342300,"MALDEN",3,2,3100,3100
25017342400,"EVERETT",0,7,2447,2288
25017342400,"EVERETT",1,33,2885,2662
25017342400,"EVERETT",2,23,3689,3187
25017342400,"EVERETT",3,6,3504,3238
25017342400,"EVERETT",4,5,3260,3300
25017342400,"EVERETT",6,1,4500,4500
25017342500,"EVERETT",0,1,1900,1900
25017342500,"EVERETT",1,10,1960,2000
25017342500,"EVERETT",2,19,2641,2500
25017342500,"EVERETT",3,8,3005,3000
25017342500,"EVERETT",4,4,3674,3650
25017342500,"EVERETT",5,2,4445,4445
25017342600,"EVERETT",0,3,1683,1650
25017342600,"EVERETT",1,3,2305,1700
25017342600,"EVERETT",2,4,3184,2500
25017342600,"EVERETT",3,2,2738,2738
25017342600,"EVERETT",4,2,4500,4500
25017342600,"EVERETT",5,1,5200,5200
25017350103,"SOMERVILLE",0,10,3133,2940
25017350103,"SOMERVILLE",1,40,3732,3405
25017350103,"SOMERVILLE",2,27,4826,4805
25017350103,"SOMERVILLE",3,5,5391,5355
25017350103,"SOMERVILLE",4,5,4070,5000
25017350103,"SOMERVILLE",6,1,7000,7000
25017350104,"SOMERVILLE",0,3,2258,2200
25017350104,"SOMERVILLE",1,20,2410,2475
25017350104,"SOMERVILLE",2,55,3198,3200
25017350104,"SOMERVILLE",3,48,3776,3750
25017350104,"SOMERVILLE",4,27,4714,4770
25017350104,"SOMERVILLE",5,4,5011,5148
25017350200,"SOMERVILLE",0,11,2093,2095
25017350200,"SOMERVILLE",1,38,2649,2650
25017350200,"SOMERVILLE",2,59,3265,3250
25017350200,"SOMERVILLE",3,26,3919,3800
25017350200,"SOMERVILLE",4,21,4705,4850
25017350200,"SOMERVILLE",5,2,5100,5100
25017350200,"SOMERVILLE",6,1,7500,7500
25017350300,"SOMERVILLE",0,1,2300,2300
25017350300,"SOMERVILLE",1,23,2774,2800
25017350300,"SOMERVILLE",2,32,3351,3400
25017350300,"SOMERVILLE",3,23,4206,4000
25017350300,"SOMERVILLE",4,2,5400,5400
25017350300,"SOMERVILLE",5,3,5317,5500
25017350400,"SOMERVILLE",0,4,2531,2538
25017350400,"SOMERVILLE",1,28,3039,3025
25017350400,"SOMERVILLE",2,46,3548,3600
25017350400,"SOMERVILLE",3,39,4380,4450
25017350400,"SOMERVILLE",4,22,5102,5200
25017350400,"SOMERVILLE",5,10,6445,6550
25017350400,"SOMERVILLE",6,5,6644,5920
25017350500,"SOMERVILLE",0,7,2498,2450
25017350500,"SOMERVILLE",1,26,2913,2850
25017350500,"SOMERVILLE",2,48,3584,3725
25017350500,"SOMERVILLE",3,64,4160,4200
25017350500,"SOMERVILLE",4,38,5015,5225
25017350500,"SOMERVILLE",5,2,5875,5875
25017350500,"SOMERVILLE",6,5,6428,6300
25017350600,"SOMERVILLE",0,1,2100,2100
25017350600,"SOMERVILLE",1,8,2325,2250
25017350600,"SOMERVILLE",2,25,3310,3200
25017350600,"SOMERVILLE",3,22,4067,4107
25017350600,"SOMERVILLE",4,23,5113,5200
25017350600,"SOMERVILLE",5,6,5683,5600
25017350600,"SOMERVILLE",6,1,6300,6300
25017350700,"SOMERVILLE",0,3,2200,2200
25017350700,"SOMERVILLE",1,9,1572,1300
25017350700,"SOMERVILLE",2,44,3290,3300
25017350700,"SOMERVILLE",3,47,3726,3750
25017350700,"SOMERVILLE",4,28,4508,4550
25017350700,"SOMERVILLE",5,6,5483,4950
25017350700,"SOMERVILLE",6,3,6417,6000
25017350800,"SOMERVILLE",0,7,2243,2200
25017350800,"SOMERVILLE",1,25,2897,2850
25017350800,"SOMERVILLE",2,8,3381,3325
25017350800,"SOMERVILLE",3,16,3790,3900
25017350800,"SOMERVILLE",4,17,5441,5450
25017350800,"SOMERVILLE",5,1,5200,5200
25017350800,"SOMERVILLE",6,4,6525,6600
25017350900,"CAMBRIDGE",1,5,2570,2600
25017350900,"SOMERVILLE",0,36,2485,2600
25017350900,"SOMERVILLE",1,40,2896,2968
25017350900,"SOMERVILLE",2,35,3577,3600
25017350900,"SOMERVILLE",3,12,4485,4450
25017350900,"SOMERVILLE",4,13,4663,4995
25017350900,"SOMERVILLE",5,7,5614,6500
25017350900,"SOMERVILLE",6,3,1247,1230
25017351000,"SOMERVILLE",0,3,2733,2900
25017351000,"SOMERVILLE",1,44,2780,2700
25017351000,"SOMERVILLE",2,55,3455,3500
25017351000,"SOMERVILLE",3,96,4400,4200
25017351000,"SOMERVILLE",4,44,5228,5100
25017351000,"SOMERVILLE",5,5,5438,5895
25017351100,"SOMERVILLE",0,20,2216,2170
25017351100,"SOMERVILLE",1,50,2592,2695
25017351100,"SOMERVILLE",2,31,3244,3200
25017351100,"SOMERVILLE",3,25,3947,3900
25017351100,"SOMERVILLE",4,12,4759,4600
25017351100,"SOMERVILLE",5,3,6383,6200
25017351203,"SOMERVILLE",1,12,3125,3250
25017351203,"SOMERVILLE",2,47,3477,3500
25017351203,"SOMERVILLE",3,31,3854,4000
25017351203,"SOMERVILLE",4,27,5123,5300
25017351204,"SOMERVILLE",0,13,2575,2500
25017351204,"SOMERVILLE",1,60,2770,2700
25017351204,"SOMERVILLE",2,86,3483,3500
25017351204,"SOMERVILLE",3,56,4166,4188
25017351204,"SOMERVILLE",4,27,4460,4800
25017351204,"SOMERVILLE",5,2,7500,7500
25017351204,"SOMERVILLE",6,1,8000,8000
25017351300,"SOMERVILLE",0,3,2283,2500
25017351300,"SOMERVILLE",1,26,2615,2700
25017351300,"SOMERVILLE",2,18,4046,3600
25017351300,"SOMERVILLE",3,14,3796,3900
25017351300,"SOMERVILLE",4,4,4588,4575
25017351403,"BOSTON",2,2,3238,3238
25017351403,"BOSTON",4,1,5400,5400
25017351403,"SOMERVILLE",0,8,2441,2350
25017351403,"SOMERVILLE",1,28,2627,2600
25017351403,"SOMERVILLE",2,46,3094,3050
25017351403,"SOMERVILLE",3,19,3785,3700
25017351403,"SOMERVILLE",4,15,5081,4900
25017351404,"SOMERVILLE",0,3,2017,2000
25017351404,"SOMERVILLE",1,11,2539,2500
25017351404,"SOMERVILLE",2,22,3203,3100
25017351404,"SOMERVILLE",3,13,4211,3995
25017351404,"SOMERVILLE",4,7,5216,5295
25017351404,"SOMERVILLE",5,1,4999,4999
25017351500,"SOMERVILLE",0,10,2970,2911
25017351500,"SOMERVILLE",1,8,3087,3232
25017351500,"SOMERVILLE",2,25,4025,3850
25017351500,"SOMERVILLE",3,28,3786,3800
25017351500,"SOMERVILLE",4,1,5400,5400
25017351500,"SOMERVILLE",6,1,6800,6800
25017352101,"CAMBRIDGE",0,6,3385,3118
25017352101,"CAMBRIDGE",1,37,3763,3724
25017352101,"CAMBRIDGE",2,26,4655,4638
25017352101,"CAMBRIDGE",3,3,5414,5000
25017352102,"CAMBRIDGE",0,1,2300,2300
25017352102,"CAMBRIDGE",1,20,3073,3400
25017352102,"CAMBRIDGE",2,26,4105,3750
25017352102,"CAMBRIDGE",3,17,4197,4300
25017352102,"CAMBRIDGE",4,12,5362,4900
25017352102,"CAMBRIDGE",5,2,5600,5600
25017352102,"CAMBRIDGE",6,1,1100,1100
25017352200,"CAMBRIDGE",0,1,2680,2680
25017352200,"CAMBRIDGE",1,13,2669,2650
25017352200,"CAMBRIDGE",2,15,3383,3400
25017352200,"CAMBRIDGE",3,9,3703,3800
25017352300,"CAMBRIDGE",0,9,2687,2300
25017352300,"CAMBRIDGE",1,39,3424,3359
25017352300,"CAMBRIDGE",2,87,4079,4000
25017352300,"CAMBRIDGE",3,25,3529,3900
25017352300,"CAMBRIDGE",4,15,4169,4750
25017352300,"CAMBRIDGE",5,11,1915,1350
25017352400,"CAMBRIDGE",1,7,3309,2750
25017352400,"CAMBRIDGE",2,9,4402,3300
25017352400,"CAMBRIDGE",3,13,4911,4400
25017352400,"CAMBRIDGE",4,1,5300,5300
25017352500,"CAMBRIDGE",0,1,2300,2300
25017352500,"CAMBRIDGE",1,5,3135,3075
25017352500,"CAMBRIDGE",2,33,3751,3695
25017352500,"CAMBRIDGE",3,21,4202,4300
25017352500,"CAMBRIDGE",4,21,5093,4600
25017352500,"CAMBRIDGE",5,9,6694,6650
25017352600,"CAMBRIDGE",0,5,1887,1795
25017352600,"CAMBRIDGE",1,20,2227,2425
25017352600,"CAMBRIDGE",2,30,3553,3275
25017352600,"CAMBRIDGE",3,46,4503,4400
25017352600,"CAMBRIDGE",4,12,2673,1422
25017352700,"CAMBRIDGE",0,1,2300,2300
25017352700,"CAMBRIDGE",1,5,2930,2750
25017352700,"CAMBRIDGE",2,4,3900,3750
25017352700,"CAMBRIDGE",3,17,4279,4300
25017352700,"CAMBRIDGE",4,7,4843,4800
25017352700,"CAMBRIDGE",5,5,4980,5000
25017352800,"CAMBRIDGE",1,19,2900,2850
25017352800,"CAMBRIDGE",2,30,3666,3698
25017352800,"CAMBRIDGE",3,30,4235,4088
25017352800,"CAMBRIDGE",4,2,4825,4825
25017352900,"CAMBRIDGE",0,4,2300,2300
25017352900,"CAMBRIDGE",1,8,2422,2650
25017352900,"CAMBRIDGE",2,10,3400,3200
25017352900,"CAMBRIDGE",3,7,4839,4300
25017352900,"CAMBRIDGE",4,13,5123,4950
25017352900,"CAMBRIDGE",5,4,6138,6400
25017353000,"CAMBRIDGE",0,10,2320,2250
25017353000,"CAMBRIDGE",1,43,2893,2900
25017353000,"CAMBRIDGE",2,51,3884,4000
25017353000,"CAMBRIDGE",3,35,4861,4900
25017353000,"CAMBRIDGE",4,12,5683,5150
25017353000,"CAMBRIDGE",5,3,6233,6550
25017353101,"CAMBRIDGE",0,10,2778,2689
25017353101,"CAMBRIDGE",1,35,3722,3681
25017353101,"CAMBRIDGE",2,21,4060,4031
25017353101,"CAMBRIDGE",3,17,5498,4395
25017353101,"CAMBRIDGE",4,8,5725,5350
25017353102,"CAMBRIDGE",0,2,2788,2788
25017353102,"CAMBRIDGE",1,6,3171,3212
25017353102,"CAMBRIDGE",2,4,3734,3785
25017353102,"CAMBRIDGE",3,1,4735,4735
25017353200,"CAMBRIDGE",0,2,2950,2950
25017353200,"CAMBRIDGE",1,24,3392,3454
25017353200,"CAMBRIDGE",2,23,4576,4590
25017353200,"CAMBRIDGE",3,13,5442,5250
25017353200,"CAMBRIDGE",4,4,5925,6500
25017353200,"CAMBRIDGE",5,3,2450,1250
25017353300,"CAMBRIDGE",0,2,2200,2200
25017353300,"CAMBRIDGE",1,7,3179,2800
25017353300,"CAMBRIDGE",2,11,4000,4000
25017353300,"CAMBRIDGE",3,18,4514,4300
25017353300,"CAMBRIDGE",4,7,9429,10000
25017353300,"CAMBRIDGE",5,2,6750,6750
25017353400,"CAMBRIDGE",0,3,2317,2450
25017353400,"CAMBRIDGE",1,7,2859,2900
25017353400,"CAMBRIDGE",2,16,3475,3350
25017353400,"CAMBRIDGE",3,26,4982,4700
25017353400,"CAMBRIDGE",4,12,5083,5274
25017353400,"CAMBRIDGE",5,2,7000,7000
25017353500,"CAMBRIDGE",0,4,2450,2450
25017353500,"CAMBRIDGE",1,10,3340,2935
25017353500,"CAMBRIDGE",2,64,3921,4000
25017353500,"CAMBRIDGE",3,11,5273,4625
25017353500,"CAMBRIDGE",4,9,6422,7500
25017353500,"CAMBRIDGE",5,3,7413,7495
25017353600,"CAMBRIDGE",0,12,2416,2175
25017353600,"CAMBRIDGE",1,69,3055,3000
25017353600,"CAMBRIDGE",2,30,3608,3500
25017353600,"CAMBRIDGE",3,4,4699,4698
25017353600,"CAMBRIDGE",4,2,6000,6000
25017353700,"CAMBRIDGE",0,38,2632,2675
25017353700,"CAMBRIDGE",1,63,2994,3000
25017353700,"CAMBRIDGE",2,41,3418,3500
25017353700,"CAMBRIDGE",3,5,6940,7000
25017353700,"CAMBRIDGE",4,2,5800,5800
25017353800,"CAMBRIDGE",0,31,2384,2350
25017353800,"CAMBRIDGE",1,85,3050,3000
25017353800,"CAMBRIDGE",2,71,3712,3745
25017353800,"CAMBRIDGE",3,9,4837,4725
25017353800,"CAMBRIDGE",4,5,5984,5600
25017353800,"CAMBRIDGE",5,1,9300,9300
25017353900,"CAMBRIDGE",0,10,2285,2250
25017353900,"CAMBRIDGE",1,2,2712,2712
25017353900,"CAMBRIDGE",2,10,4020,4050
25017353900,"CAMBRIDGE",3,5,7400,5900
25017353900,"CAMBRIDGE",4,2,6000,6000
25017353900,"CAMBRIDGE",5,1,7999,7999
25017354000,"CAMBRIDGE",0,38,2569,2550
25017354000,"CAMBRIDGE",1,69,3170,3150
25017354000,"CAMBRIDGE",2,55,3942,3855
25017354000,"CAMBRIDGE",3,21,4801,4900
25017354000,"CAMBRIDGE",4,4,5636,5650
25017354100,"CAMBRIDGE",0,10,2437,2325
25017354100,"CAMBRIDGE",1,45,2953,2912
25017354100,"CAMBRIDGE",2,36,3738,3700
25017354100,"CAMBRIDGE",3,7,4826,4900
25017354100,"CAMBRIDGE",4,4,6219,6312
25017354100,"CAMBRIDGE",6,1,10500,10500
25017354200,"CAMBRIDGE",1,10,2920,2900
25017354200,"CAMBRIDGE",2,8,3899,4000
25017354200,"CAMBRIDGE",3,1,4800,4800
25017354200,"CAMBRIDGE",4,1,11000,11000
25017354300,"CAMBRIDGE",0,6,2300,2300
25017354300,"CAMBRIDGE",1,7,2250,2500
25017354300,"CAMBRIDGE",2,15,3271,3400
25017354300,"CAMBRIDGE",3,8,4360,4500
25017354400,"CAMBRIDGE",1,2,2800,2800
25017354400,"CAMBRIDGE",2,9,3678,3650
25017354400,"CAMBRIDGE",3,4,4388,3900
25017354400,"CAMBRIDGE",4,1,6800,6800
25017354500,"CAMBRIDGE",0,7,2093,2200
25017354500,"CAMBRIDGE",1,44,3100,3200
25017354500,"CAMBRIDGE",2,7,3586,3600
25017354500,"CAMBRIDGE",3,2,4725,4725
25017354500,"CAMBRIDGE",4,3,4958,5400
25017354600,"CAMBRIDGE",0,7,2798,2850
25017354600,"CAMBRIDGE",1,23,3058,3034
25017354600,"CAMBRIDGE",2,23,4027,4182
25017354600,"CAMBRIDGE",3,3,4244,3995
25017354600,"CAMBRIDGE",4,2,3725,3725
25017354700,"CAMBRIDGE",0,12,2555,2622
25017354700,"CAMBRIDGE",1,10,3202,3038
25017354700,"CAMBRIDGE",2,4,3095,3400
25017354700,"CAMBRIDGE",3,7,3857,3850
25017354700,"CAMBRIDGE",4,4,5488,5500
25017354700,"CAMBRIDGE",5,2,5850,5850
25017354800,"CAMBRIDGE",0,4,2050,2075
25017354800,"CAMBRIDGE",1,27,2739,2700
25017354800,"CAMBRIDGE",2,7,3150,3000
25017354800,"CAMBRIDGE",3,17,4169,3900
25017354800,"CAMBRIDGE",5,1,4750,4750
25017354900,"CAMBRIDGE",0,11,2468,2500
25017354900,"CAMBRIDGE",1,37,3048,3194
25017354900,"CAMBRIDGE",2,43,3842,3917
25017354900,"CAMBRIDGE",3,16,4488,4138
25017354900,"CAMBRIDGE",4,5,5910,5400
25017354900,"CAMBRIDGE",5,2,8067,8067
25017355000,"CAMBRIDGE",0,22,2314,2300
25017355000,"CAMBRIDGE",1,18,2971,2950
25017355000,"CAMBRIDGE",2,21,3919,3800
25017355000,"CAMBRIDGE",3,2,4700,4700
25017355000,"CAMBRIDGE",4,8,5067,4700
25017356100,"ARLINGTON",0,5,2406,2579
25017356100,"ARLINGTON",1,15,2758,2951
25017356100,"ARLINGTON",2,14,3718,3432
25017356100,"ARLINGTON",3,7,3548,3250
25017356100,"ARLINGTON",4,4,4250,4400
25017356300,"ARLINGTON",0,2,1625,1625
25017356300,"ARLINGTON",1,18,2147,1950
25017356300,"ARLINGTON",2,2,2750,2750
25017356300,"ARLINGTON",3,4,5475,5950
25017356400,"ARLINGTON",0,5,1829,1850
25017356400,"ARLINGTON",1,13,2519,2250
25017356400,"ARLINGTON",2,16,2892,2800
25017356400,"ARLINGTON",3,4,4814,4250
25017356400,"ARLINGTON",4,4,5050,4950
25017356400,"ARLINGTON",5,1,13950,13950
25017356500,"ARLINGTON",1,3,1844,1900
25017356500,"ARLINGTON",2,2,3750,3750
25017356500,"ARLINGTON",3,2,4825,4825
25017356500,"ARLINGTON",4,1,7000,7000
25017356601,"ARLINGTON",0,5,1890,1900
25017356601,"ARLINGTON",1,20,2228,2200
25017356601,"ARLINGTON",2,14,2614,2600
25017356601,"ARLINGTON",3,5,4300,3800
25017356602,"ARLINGTON",0,3,1800,1800
25017356602,"ARLINGTON",1,12,2329,2300
25017356602,"ARLINGTON",4,1,4700,4700
25017356602,"ARLINGTON",5,1,6880,6880
25017356701,"ARLINGTON",0,5,2319,2300
25017356701,"ARLINGTON",1,35,2459,2350
25017356701,"ARLINGTON",2,27,2988,2850
25017356701,"ARLINGTON",3,4,4488,4050
25017356701,"ARLINGTON",4,4,4300,4300
25017356701,"ARLINGTON",5,1,4800,4800
25017356701,"ARLINGTON",6,3,4367,4450
25017356702,"ARLINGTON",0,1,1750,1750
25017356702,"ARLINGTON",1,13,2509,2450
25017356702,"ARLINGTON",2,7,3103,3200
25017356702,"ARLINGTON",3,5,3840,3800
25017356702,"ARLINGTON",4,1,6750,6750
25017356702,"ARLINGTON",6,2,10900,10900
25017357100,"BELMONT",1,3,2242,2275
25017357100,"BELMONT",2,40,2946,2900
25017357200,"BELMONT",1,2,2138,2138
25017357200,"BELMONT",2,2,3600,3600
25017357200,"BELMONT",3,2,4300,4300
25017357200,"CAMBRIDGE",1,1,2100,2100
25017357300,"BELMONT",0,1,1800,1800
25017357300,"BELMONT",1,1,2000,2000
25017357300,"BELMONT",2,15,2911,2795
25017357300,"BELMONT",3,2,3950,3950
25017357400,"BELMONT",0,2,1850,1850
25017357400,"BELMONT",2,7,3138,3565
25017357400,"BELMONT",3,8,3875,3425
25017357400,"BELMONT",4,1,5800,5800
25017357500,"BELMONT",0,2,2200,2200
25017357500,"BELMONT",1,6,2333,2350
25017357500,"BELMONT",2,5,3058,2995
25017357500,"BELMONT",3,2,3500,3500
25017357500,"BELMONT",5,1,5000,5000
25017357600,"BELMONT",2,4,2875,2900
25017357600,"BELMONT",3,4,3275,3250
25017357700,"BELMONT",0,2,2300,2300
25017357700,"BELMONT",1,5,2284,2295
25017357700,"BELMONT",2,9,2853,2895
25017357700,"BELMONT",3,2,3225,3225
25017357700,"BELMONT",4,2,3300,3300
25017357800,"BELMONT",0,3,2333,2300
25017357800,"BELMONT",1,9,2536,2450
25017357800,"BELMONT",2,12,2762,2850
25017357800,"BELMONT",3,11,4081,4200
25017357800,"BELMONT",4,4,4287,3950
25017357800,"BELMONT",5,1,9500,9500
25017357800,"BELMONT",6,2,13498,13498
25017358100,"LEXINGTON",1,1,1750,1750
25017358100,"LEXINGTON",2,1,3200,3200
25017358100,"LEXINGTON",3,1,5000,5000
25017358100,"LEXINGTON",4,2,5000,5000
25017358100,"LEXINGTON",5,1,8500,8500
25017358300,"LEXINGTON",1,4,3362,3318
25017358300,"LEXINGTON",2,6,4786,4574
25017358300,"LEXINGTON",3,2,6510,6510
25017358300,"LEXINGTON",4,1,6000,6000
25017358400,"LEXINGTON",1,7,2379,2250
25017358400,"LEXINGTON",2,5,3290,3400
25017358400,"LEXINGTON",3,1,4150,4150
25017358400,"LEXINGTON",4,5,4785,4750
25017358500,"LEXINGTON",2,3,2583,2500
25017358500,"LEXINGTON",3,1,7500,7500
25017358500,"LEXINGTON",4,1,4950,4950
25017358600,"LEXINGTON",1,2,2430,2430
25017358600,"LEXINGTON",2,3,5316,5935
25017358600,"LEXINGTON",3,1,8036,8036
25017358700,"LEXINGTON",2,1,3200,3200
25017358700,"LEXINGTON",4,1,6000,6000
25017359100,"BEDFORD",0,1,1800,1800
25017359100,"BEDFORD",1,5,2848,2791
25017359100,"BEDFORD",2,2,3366,3366
25017359100,"BEDFORD",3,5,4359,4700
25017359300,"BEDFORD",1,2,2122,2122
25017359300,"BEDFORD",2,14,3271,2775
25017359300,"BEDFORD",3,1,3200,3200
25017359300,"BEDFORD",4,2,5225,5225
25017360200,"LINCOLN",2,1,2647,2647
25017360200,"LINCOLN",3,2,4250,4250
25017360200,"LINCOLN",5,2,5800,5800
25017361100,"CONCORD",0,13,3363,3115
25017361100,"CONCORD",1,3,2367,2350
25017361100,"CONCORD",2,4,3708,3718
25017361100,"CONCORD",3,1,4520,4520
25017361100,"CONCORD",4,1,4400,4400
25017361200,"CONCORD",1,1,2295,2295
25017363102,"ACTON",0,1,1695,1695
25017363102,"ACTON",1,6,2785,2745
25017363102,"ACTON",2,9,3137,3465
25017363102,"ACTON",3,6,4104,3834
25017363102,"ACTON",4,1,5500,5500
25017363103,"ACTON",1,2,1900,1900
25017363103,"ACTON",2,1,1900,1900
25017363103,"ACTON",3,1,3400,3400
25017363103,"ACTON",4,1,4500,4500
25017363104,"ACTON",1,3,1900,1900
25017363104,"ACTON",2,4,2362,2300
25017363104,"ACTON",3,1,3100,3100
25017363201,"ACTON",4,1,3600,3600
25017363202,"ACTON",2,1,3350,3350
25017363202,"ACTON",3,1,4200,4200
25017363202,"ACTON",4,1,4500,4500
25017364101,"MAYNARD",1,2,2022,2022
25017364101,"MAYNARD",2,7,2434,2500
25017364101,"MAYNARD",3,3,3133,2800
25017364102,"MAYNARD",1,2,1850,1850
25017364102,"MAYNARD",2,2,2650,2650
25017364102,"MAYNARD",4,1,3100,3100
25017365100,"SUDBURY",1,2,1880,1880
25017365201,"SUDBURY",1,1,2195,2195
25017365202,"SUDBURY",1,3,3999,4292
25017365202,"SUDBURY",2,4,4629,4768
25017365202,"SUDBURY",3,2,6310,6310
25017366100,"WAYLAND",1,4,2125,2350
25017366100,"WAYLAND",3,1,5499,5499
25017366100,"WAYLAND",4,1,4700,4700
25017366201,"WAYLAND",3,1,5500,5500
25017366202,"WAYLAND",0,1,1875,1875
25017366202,"WAYLAND",1,1,2200,2200
25017366202,"WAYLAND",2,2,6040,6040
25017366202,"WAYLAND",3,1,7153,7153
25017367100,"WESTON",1,1,2250,2250
25017367100,"WESTON",4,2,7500,7500
25017367200,"WESTON",2,1,4100,4100
25017367200,"WESTON",3,1,3300,3300
25017367200,"WESTON",4,1,6000,6000
25017367200,"WESTON",5,1,9000,9000
25017368101,"WALTHAM",1,5,2038,1995
25017368101,"WALTHAM",2,3,2950,2950
25017368101,"WALTHAM",3,2,3500,3500
25017368102,"WALTHAM",1,28,1994,1880
25017368102,"WALTHAM",2,9,2958,2450
25017368102,"WALTHAM",3,6,4599,5010
25017368102,"WALTHAM",6,1,6600,6600
25017368200,"WALTHAM",1,4,2647,1698
25017368200,"WALTHAM",2,3,4257,4270
25017368200,"WALTHAM",3,6,4794,5148
25017368200,"WALTHAM",4,1,3200,3200
25017368300,"WALTHAM",0,2,2018,2018
25017368300,"WALTHAM",1,9,2677,2595
25017368300,"WALTHAM",2,11,3430,3640
25017368300,"WALTHAM",3,16,3893,3692
25017368300,"WALTHAM",4,6,4513,4295
25017368300,"WALTHAM",5,9,6372,6750
25017368400,"WALTHAM",1,2,2175,2175
25017368400,"WALTHAM",2,4,2961,2922
25017368400,"WALTHAM",3,4,3099,2848
25017368400,"WALTHAM",4,1,4395,4395
25017368500,"WALTHAM",0,5,2330,2550
25017368500,"WALTHAM",1,21,2485,2300
25017368500,"WALTHAM",2,10,2954,3038
25017368500,"WALTHAM",3,5,4019,4150
25017368500,"WALTHAM",4,3,3433,3400
25017368600,"WALTHAM",0,21,1868,1850
25017368600,"WALTHAM",1,24,2211,2298
25017368600,"WALTHAM",2,25,2582,2600
25017368600,"WALTHAM",3,13,3359,3350
25017368600,"WALTHAM",4,8,3712,3812
25017368600,"WALTHAM",5,10,4509,4375
25017368700,"WALTHAM",0,1,1995,1995
25017368700,"WALTHAM",1,5,2170,2150
25017368700,"WALTHAM",2,4,2446,2595
25017368700,"WALTHAM",3,4,3426,3550
25017368700,"WALTHAM",4,3,4200,3700
25017368700,"WALTHAM",5,1,5800,5800
25017368700,"WALTHAM",6,1,6600,6600
25017368800,"WALTHAM",0,1,2100,2100
25017368800,"WALTHAM",1,15,2122,2200
25017368800,"WALTHAM",2,9,3133,3000
25017368800,"WALTHAM",3,6,3483,3400
25017368800,"WALTHAM",5,1,5100,5100
25017368901,"WALTHAM",1,5,2239,2300
25017368901,"WALTHAM",2,3,2533,2500
25017368902,"WALTHAM",1,3,2267,2300
25017368902,"WALTHAM",2,5,2818,2700
25017368902,"WALTHAM",3,3,3667,3800
25017368902,"WALTHAM",4,4,4208,3695
25017369000,"WALTHAM",1,1,2100,2100
25017369000,"WALTHAM",2,9,2875,2700
25017369100,"WALTHAM",0,1,1950,1950
25017369100,"WALTHAM",1,4,2138,2275
25017369100,"WALTHAM",2,4,2662,2675
25017369100,"WALTHAM",3,2,5050,5050
25017369100,"WALTHAM",4,2,5950,5950
25017370101,"WALTHAM",2,1,3800,3800
25017370101,"WATERTOWN",1,2,2445,2445
25017370101,"WATERTOWN",2,12,2647,2572
25017370101,"WATERTOWN",3,7,3300,3300
25017370102,"WATERTOWN",0,14,2338,2300
25017370102,"WATERTOWN",1,30,2550,2612
25017370102,"WATERTOWN",2,64,3119,2975
25017370102,"WATERTOWN",3,17,4322,3300
25017370102,"WATERTOWN",4,2,4522,4522
25017370102,"WATERTOWN",6,2,6250,6250
25017370201,"BELMONT",0,1,2375,2375
25017370201,"WATERTOWN",0,4,2444,2450
25017370201,"WATERTOWN",1,21,2378,2400
25017370201,"WATERTOWN",2,24,2974,3025
25017370201,"WATERTOWN",3,12,3534,3450
25017370201,"WATERTOWN",4,2,4175,4175
25017370202,"BELMONT",2,1,2850,2850
25017370202,"BELMONT",3,1,3500,3500
25017370202,"WATERTOWN",1,1,2900,2900
25017370202,"WATERTOWN",2,9,2892,2800
25017370202,"WATERTOWN",3,4,3825,3800
25017370300,"WATERTOWN",0,2,1925,1925
25017370300,"WATERTOWN",1,7,2142,2150
25017370300,"WATERTOWN",2,13,2971,2900
25017370300,"WATERTOWN",3,12,3708,3450
25017370300,"WATERTOWN",4,4,4312,4300
25017370400,"WATERTOWN",0,5,1762,1737
25017370400,"WATERTOWN",1,8,2802,2412
25017370400,"WATERTOWN",2,25,2946,2800
25017370400,"WATERTOWN",3,4,4162,3650
25017370400,"WATERTOWN",4,4,3575,4250
25017373100,"NEWTON",0,6,1596,1600
25017373100,"NEWTON",1,15,2330,2450
25017373100,"NEWTON",2,13,2895,2795
25017373100,"NEWTON",3,12,3888,3850
25017373100,"NEWTON",4,13,3192,3150
25017373100,"WATERTOWN",2,1,3000,3000
25017373200,"NEWTON",1,5,2530,2395
25017373200,"NEWTON",2,17,2984,2950
25017373200,"NEWTON",3,8,4536,4369
25017373200,"NEWTON",4,2,5250,5250
25017373300,"NEWTON",0,3,1725,1725
25017373300,"NEWTON",1,15,3065,2500
25017373300,"NEWTON",2,9,4657,2895
25017373300,"NEWTON",3,5,5165,3800
25017373300,"NEWTON",4,13,5530,6400
25017373400,"NEWTON",0,1,1725,1725
25017373400,"NEWTON",1,10,2816,2698
25017373400,"NEWTON",2,6,3882,3900
25017373400,"NEWTON",3,2,6150,6150
25017373400,"NEWTON",4,2,5438,5438
25017373500,"NEWTON",1,3,2433,2700
25017373500,"NEWTON",3,2,3850,3850
25017373500,"NEWTON",4,1,5000,5000
25017373600,"NEWTON",0,2,2250,2250
25017373600,"NEWTON",2,20,2698,2500
25017373600,"NEWTON",3,6,4166,4300
25017373600,"NEWTON",4,4,4800,4800
25017373600,"NEWTON",5,2,6750,6750
25017373600,"NEWTON",6,2,6400,6400
25017373700,"NEWTON",3,1,4900,4900
25017373800,"NEWTON",0,3,2215,2200
25017373800,"NEWTON",1,5,2789,3000
25017373800,"NEWTON",2,19,3651,3300
25017373800,"NEWTON",3,3,4400,4500
25017373800,"NEWTON",4,2,8000,8000
25017373900,"NEWTON",1,3,2882,1900
25017373900,"NEWTON",2,7,5082,5130
25017373900,"NEWTON",3,10,4965,4900
25017373900,"NEWTON",4,5,5633,4995
25017374000,"NEWTON",1,1,2500,2500
25017374000,"NEWTON",3,2,3650,3650
25017374000,"NEWTON",4,2,9475,9475
25017374000,"NEWTON",5,1,14000,14000
25017374100,"NEWTON",0,1,2614,2614
25017374100,"NEWTON",1,8,2412,2375
25017374100,"NEWTON",2,20,3442,3300
25017374100,"NEWTON",3,5,4710,5237
25017374100,"NEWTON",4,4,6488,7000
25017374100,"NEWTON",5,1,7750,7750
25017374200,"NEWTON",0,2,2500,2500
25017374200,"NEWTON",1,2,3500,3500
25017374200,"NEWTON",2,4,3225,3225
25017374200,"NEWTON",3,2,4000,4000
25017374200,"NEWTON",4,2,5350,5350
25017374300,"NEWTON",1,3,2400,2400
25017374300,"NEWTON",2,5,3170,3250
25017374300,"NEWTON",3,5,4600,5000
25017374300,"NEWTON",4,1,5200,5200
25017374400,"NEWTON",2,1,4750,4750
25017374500,"NEWTON",1,13,1698,2150
25017374500,"NEWTON",2,2,3650,3650
25017374500,"NEWTON",3,2,4150,4150
25017374500,"NEWTON",6,3,5195,5195
25017374600,"NEWTON",1,2,2450,2450
25017374600,"NEWTON",2,13,3462,3500
25017374600,"NEWTON",3,5,3830,3650
25017374600,"NEWTON",4,3,4397,4195
25017374700,"NEWTON",1,4,2012,2250
25017374700,"NEWTON",2,12,2592,2650
25017374700,"NEWTON",3,1,3800,3800
25017374800,"NEWTON",0,5,2290,2300
25017374800,"NEWTON",1,10,3262,3570
25017374800,"NEWTON",2,31,3184,2800
25017374800,"NEWTON",3,3,5164,5250
25017374800,"NEWTON",4,1,3750,3750
25017374800,"NEWTON",5,2,1215,1215
25017382100,"NATICK",3,2,3875,3875
25017382100,"NATICK",4,1,5500,5500
25017382200,"NATICK",1,2,1600,1600
25017382200,"NATICK",2,2,2300,2300
25017382200,"NATICK",3,1,3100,3100
25017382300,"NATICK",0,2,1722,1722
25017382400,"NATICK",2,1,2400,2400
25017382500,"NATICK",0,2,2600,2600
25017382500,"NATICK",1,4,2600,2025
25017382500,"NATICK",2,19,3566,3705
25017382500,"NATICK",3,1,3990,3990
25017382500,"NATICK",4,2,5150,5150
25017382601,"NATICK",1,6,1924,1950
25017382601,"NATICK",2,5,2710,2650
25017382602,"NATICK",2,2,2300,2300
25017382602,"NATICK",3,2,3700,3700
25017383101,"FRAMINGHAM",0,4,1556,1550
25017383101,"FRAMINGHAM",1,1,1975,1975
25017383101,"FRAMINGHAM",2,1,1815,1815
25017383102,"FRAMINGHAM",1,1,1850,1850
25017383102,"FRAMINGHAM",2,1,2100,2100
25017383102,"FRAMINGHAM",3,1,3000,3000
25017383200,"FRAMINGHAM",0,2,1950,1950
25017383200,"FRAMINGHAM",1,2,1950,1950
25017383200,"FRAMINGHAM",2,3,2667,2600
25017383200,"FRAMINGHAM",3,4,3081,3138
25017383300,"FRAMINGHAM",0,1,1750,1750
25017383300,"FRAMINGHAM",1,7,1926,1990
25017383300,"FRAMINGHAM",2,6,2644,2750
25017383300,"FRAMINGHAM",3,1,3850,3850
25017383300,"FRAMINGHAM",5,1,3900,3900
25017383400,"FRAMINGHAM",0,2,1550,1550
25017383400,"FRAMINGHAM",1,5,1870,1900
25017383400,"FRAMINGHAM",2,18,2174,2225
25017383400,"FRAMINGHAM",3,1,3750,3750
25017383400,"FRAMINGHAM",4,1,4495,4495
25017383400,"FRAMINGHAM",5,1,4200,4200
25017383501,"FRAMINGHAM",1,1,1800,1800
25017383501,"FRAMINGHAM",2,1,2595,2595
25017383502,"FRAMINGHAM",1,3,2475,2500
25017383502,"FRAMINGHAM",2,4,2312,2400
25017383502,"FRAMINGHAM",3,1,2860,2860
25017383600,"FRAMINGHAM",0,2,1500,1500
25017383600,"FRAMINGHAM",1,6,2016,2100
25017383600,"FRAMINGHAM",2,4,1976,2150
25017383600,"FRAMINGHAM",3,6,3250,3150
25017383600,"FRAMINGHAM",4,1,4500,4500
25017383700,"FRAMINGHAM",1,4,1725,1825
25017383700,"FRAMINGHAM",2,4,2300,2300
25017383700,"FRAMINGHAM",3,1,4200,4200
25017383800,"FRAMINGHAM",1,4,2088,2100
25017383800,"FRAMINGHAM",2,4,3482,3435
25017383800,"FRAMINGHAM",3,4,3452,3200
25017383800,"FRAMINGHAM",4,1,3750,3750
25017383901,"FRAMINGHAM",1,3,2364,2646
25017383901,"FRAMINGHAM",2,2,3032,3032
25017383902,"FRAMINGHAM",1,1,2401,2401
25017383902,"FRAMINGHAM",3,1,3382,3382
25017383902,"FRAMINGHAM",4,2,4650,4650
25017384001,"FRAMINGHAM",0,1,1626,1626
25017384001,"FRAMINGHAM",1,4,2017,2046
25017384001,"FRAMINGHAM",2,3,2440,2500
25017384002,"FRAMINGHAM",0,7,1921,1950
25017384002,"FRAMINGHAM",1,24,2306,2330
25017384002,"FRAMINGHAM",2,18,2827,2785
25017384002,"FRAMINGHAM",3,1,3000,3000
25017385100,"ASHLAND",1,1,1800,1800
25017385100,"ASHLAND",2,3,2500,2600
25017385100,"ASHLAND",3,1,1550,1550
25017385201,"ASHLAND",3,1,3400,3400
25017385202,"ASHLAND",1,2,2125,2125
25017385202,"ASHLAND",2,3,2633,3000
25017385202,"ASHLAND",3,1,3995,3995
25017386100,"SHERBORN",2,2,3025,3025
25017387201,"HOLLISTON",1,2,2048,2048
25017387201,"HOLLISTON",2,1,1975,1975
25017388100,"BOXBOROUGH",1,12,1820,1772
25017388100,"BOXBOROUGH",2,5,2134,2100
25017388100,"BOXBOROUGH",3,1,3400,3400
25017388100,"BOXBOROUGH",5,2,6649,6649
25017388200,"SHIRLEY",0,1,1550,1550
25017388200,"SHIRLEY",1,3,1833,1850
25017388200,"SHIRLEY",2,2,2250,2250
25017388300,"LOWELL",0,1,1650,1650
25017388300,"LOWELL",1,4,1836,2000
25017388300,"LOWELL",2,1,2200,2200
25017388300,"LOWELL",3,4,2350,2400
25021400100,"BROOKLINE",0,37,2251,2270
25021400100,"BROOKLINE",1,39,3216,3450
25021400100,"BROOKLINE",2,42,4088,4150
25021400100,"BROOKLINE",3,24,4677,5000
25021400100,"BROOKLINE",4,10,6595,6350
25021400100,"BROOKLINE",5,7,7514,7500
25021400200,"BROOKLINE",0,26,2319,2300
25021400200,"BROOKLINE",1,40,3173,2900
25021400200,"BROOKLINE",2,82,3745,3800
25021400200,"BROOKLINE",3,25,4788,4600
25021400200,"BROOKLINE",4,39,6221,6600
25021400200,"BROOKLINE",6,2,7375,7375
25021400300,"BROOKLINE",0,23,2260,2050
25021400300,"BROOKLINE",1,42,2788,2700
25021400300,"BROOKLINE",2,38,3611,3700
25021400300,"BROOKLINE",3,14,5025,4750
25021400300,"BROOKLINE",4,10,5780,5800
25021400300,"BROOKLINE",5,1,5400,5400
25021400400,"BROOKLINE",0,41,2533,2499
25021400400,"BROOKLINE",1,123,2826,2795
25021400400,"BROOKLINE",2,59,3578,3500
25021400400,"BROOKLINE",3,25,4921,5000
25021400400,"BROOKLINE",4,19,6744,6995
25021400400,"BROOKLINE",5,2,7350,7350
25021400500,"BROOKLINE",0,23,2184,2100
25021400500,"BROOKLINE",1,80,2814,2700
25021400500,"BROOKLINE",2,63,3761,3550
25021400500,"BROOKLINE",3,36,4762,4300
25021400500,"BROOKLINE",4,12,5290,5400
25021400600,"BROOKLINE",0,4,2030,2022
25021400600,"BROOKLINE",1,39,3121,3000
25021400600,"BROOKLINE",2,49,4180,3500
25021400600,"BROOKLINE",3,27,5507,5200
25021400600,"BROOKLINE",4,39,5630,5680
25021400600,"BROOKLINE",5,2,5100,5100
25021400700,"BROOKLINE",0,8,2262,2262
25021400700,"BROOKLINE",1,12,2810,2800
25021400700,"BROOKLINE",2,15,3361,3300
25021400700,"BROOKLINE",3,12,4735,4785
25021400700,"BROOKLINE",4,14,6614,5425
25021400700,"BROOKLINE",6,1,12000,12000
25021400800,"BROOKLINE",0,15,2542,2450
25021400800,"BROOKLINE",1,56,3156,3070
25021400800,"BROOKLINE",2,58,3703,3800
25021400800,"BROOKLINE",3,24,4529,4500
25021400800,"BROOKLINE",4,5,6709,5400
25021400900,"BROOKLINE",0,2,2450,2450
25021400900,"BROOKLINE",1,19,2701,2650
25021400900,"BROOKLINE",2,23,3708,3450
25021400900,"BROOKLINE",3,22,4463,4462
25021400900,"BROOKLINE",4,12,5712,5550
25021401000,"BROOKLINE",1,2,2600,2600
25021401000,"BROOKLINE",2,8,3454,2825
25021401000,"BROOKLINE",3,13,4327,3950
25021401000,"BROOKLINE",4,3,4167,4200
25021401000,"BROOKLINE",6,1,6300,6300
25021401100,"BROOKLINE",0,1,2400,2400
25021401100,"BROOKLINE",1,8,2817,2750
25021401100,"BROOKLINE",2,12,3575,3138
25021401100,"BROOKLINE",3,17,4585,4500
25021401100,"BROOKLINE",4,8,3694,4450
25021401200,"BROOKLINE",1,40,3155,3132
25021401200,"BROOKLINE",2,49,3878,3820
25021401200,"BROOKLINE",3,11,5190,5495
25021401200,"BROOKLINE",4,1,7200,7200
25021402101,"DEDHAM",1,5,2295,2200
25021402101,"DEDHAM",2,3,3133,3050
25021402101,"DEDHAM",3,1,5600,5600
25021402102,"DEDHAM",1,2,2298,2298
25021402102,"DEDHAM",2,6,2791,2875
25021402102,"DEDHAM",3,2,3550,3550
25021402102,"DEDHAM",4,1,5000,5000
25021402200,"DEDHAM",1,1,2300,2300
25021402200,"DEDHAM",4,1,4800,4800
25021402300,"DEDHAM",0,1,1650,1650
25021402300,"DEDHAM",3,1,3850,3850
25021402400,"DEDHAM",0,3,1873,1725
25021402400,"DEDHAM",1,21,2623,3109
25021402400,"DEDHAM",2,8,3508,3635
25021402400,"DEDHAM",3,5,4366,4896
25021402500,"DEDHAM",1,2,2300,2300
25021402500,"DEDHAM",2,5,3680,3350
25021402500,"DEDHAM",3,1,4200,4200
25021403100,"NEEDHAM",1,1,1900,1900
25021403400,"NEEDHAM",2,2,4000,4000
25021403500,"NEEDHAM",1,6,2969,3116
25021403500,"NEEDHAM",2,7,3393,3300
25021403500,"NEEDHAM",3,1,3000,3000
25021404100,"WELLESLEY",2,1,2595,2595
25021404100,"WELLESLEY",3,4,3950,3700
25021404202,"WELLESLEY",1,1,1600,1600
25021404202,"WELLESLEY",2,5,3025,2750
25021404202,"WELLESLEY",3,3,4433,4000
25021404301,"WELLESLEY",3,2,4695,4695
25021404400,"WELLESLEY",1,1,3000,3000
25021404400,"WELLESLEY",3,1,3500,3500
25021405100,"DOVER",2,1,2060,2060
25021406101,"MEDFIELD",1,2,1550,1550
25021406101,"MEDFIELD",3,4,4775,4850
25021406102,"MEDFIELD",1,1,1658,1658
25021406102,"MEDFIELD",2,5,2185,2201
25021406102,"MEDFIELD",3,1,6000,6000
25021407100,"MILLIS",0,3,1915,1995
25021407100,"MILLIS",1,6,1775,1900
25021407100,"MILLIS",2,8,2650,2750
25021407100,"MILLIS",3,4,3225,3225
25021408101,"MEDWAY",1,1,1695,1695
25021408101,"MEDWAY",3,1,3500,3500
25021408101,"MEDWAY",4,3,3750,3750
25021408102,"MEDWAY",2,5,1720,1700
25021409101,"NORFOLK",1,1,2200,2200
25021409102,"NORFOLK",1,1,2000,2000
25021409102,"NORFOLK",4,2,3925,3925
25021410100,"FOXBOROUGH",1,7,1944,1900
25021410100,"FOXBOROUGH",2,6,2575,2525
25021410100,"FOXBOROUGH",3,2,4050,4050
25021410100,"FOXBOROUGH",4,1,5800,5800
25021410300,"FOXBOROUGH",1,2,1875,1875
25021410300,"FOXBOROUGH",2,1,3950,3950
25021410300,"FOXBOROUGH",3,1,3350,3350
25021410400,"FOXBOROUGH",1,5,2080,2100
25021410400,"FOXBOROUGH",2,16,2238,2310
25021410400,"FOXBOROUGH",3,1,2450,2450
25021411100,"WALPOLE",1,1,2695,2695
25021411100,"WALPOLE",2,1,2900,2900
25021411100,"WALPOLE",3,2,3350,3350
25021411200,"WALPOLE",1,6,2059,1885
25021411200,"WALPOLE",3,2,3250,3250
25021411302,"WALPOLE",1,1,1722,1722
25021411302,"WALPOLE",2,1,2600,2600
25021411302,"WALPOLE",4,1,3950,3950
25021412100,"WESTWOOD",1,1,2136,2136
25021412100,"WESTWOOD",3,1,3600,3600
25021412300,"WESTWOOD",2,5,6183,6735
25021412300,"WESTWOOD",3,1,4100,4100
25021412300,"WESTWOOD",4,1,5000,5000
25021413100,"NORWOOD",1,8,2320,2375
25021413100,"NORWOOD",2,5,2711,2400
25021413100,"NORWOOD",3,4,4860,5212
25021413200,"NORWOOD",1,2,2138,2138
25021413200,"NORWOOD",2,2,2400,2400
25021413300,"NORWOOD",1,3,2520,2520
25021413300,"NORWOOD",2,5,2717,2730
25021413300,"NORWOOD",3,4,3514,3505
25021413401,"NORWOOD",1,13,2452,2300
25021413401,"NORWOOD",2,4,2786,2770
25021413401,"NORWOOD",3,3,3319,3300
25021413401,"NORWOOD",4,2,3750,3750
25021413401,"NORWOOD",5,1,6000,6000
25021413401,"NORWOOD",6,3,4300,4300
25021413402,"NORWOOD",1,2,2050,2050
25021413402,"NORWOOD",2,1,1800,1800
25021413500,"NORWOOD",1,4,2355,2355
25021413500,"NORWOOD",2,12,2915,2915
25021413500,"NORWOOD",3,6,3353,3460
25021414100,"SHARON",0,1,2295,2295
25021414100,"SHARON",1,6,2766,2748
25021414100,"SHARON",2,2,3582,3582
25021414200,"SHARON",0,1,1550,1550
25021414200,"SHARON",2,1,2740,2740
25021414200,"SHARON",5,1,900,900
25021414300,"SHARON",0,1,1700,1700
25021414300,"SHARON",2,1,2800,2800
25021415101,"CANTON",1,4,2045,2045
25021415101,"CANTON",2,4,2638,2575
25021415101,"CANTON",3,1,3650,3650
25021415102,"CANTON",1,3,2273,2250
25021415102,"CANTON",2,29,3104,3110
25021415200,"CANTON",1,1,2200,2200
25021415200,"CANTON",2,3,3748,3970
25021415300,"CANTON",1,1,1850,1850
25021415300,"CANTON",2,1,2600,2600
25021416101,"MILTON",1,3,2467,2200
25021416102,"MILTON",3,3,4250,4050
25021416200,"MILTON",0,1,1700,1700
25021416200,"MILTON",1,1,1700,1700
25021416200,"MILTON",2,4,2662,2825
25021416200,"MILTON",3,2,3650,3650
25021416200,"MILTON",4,1,5000,5000
25021416300,"MILTON",3,2,3350,3350
25021416400,"MILTON",1,1,2200,2200
25021416400,"MILTON",5,1,12695,12695
25021417100,"QUINCY",1,7,1807,1900
25021417100,"QUINCY",2,3,2400,2425
25021417100,"QUINCY",3,2,3200,3200
25021417100,"QUINCY",4,2,4800,4800
25021417200,"QUINCY",1,3,2065,2100
25021417200,"QUINCY",2,9,2628,2500
25021417200,"QUINCY",3,1,2700,2700
25021417200,"QUINCY",5,1,4000,4000
25021417300,"QUINCY",1,2,2275,2275
25021417300,"QUINCY",2,1,2400,2400
25021417400,"QUINCY",1,3,2133,1800
25021417400,"QUINCY",4,1,12000,12000
25021417501,"QUINCY",1,5,2108,2100
25021417501,"QUINCY",2,2,3275,3275
25021417501,"QUINCY",3,7,3772,3500
25021417502,"QUINCY",0,1,2287,2287
25021417502,"QUINCY",1,30,2921,3059
25021417502,"QUINCY",2,26,3270,3266
25021417502,"QUINCY",3,2,3050,3050
25021417502,"QUINCY",4,1,4200,4200
25021417601,"QUINCY",0,2,1775,1775
25021417601,"QUINCY",1,7,1981,2000
25021417601,"QUINCY",2,11,2516,2500
25021417601,"QUINCY",3,4,3962,3950
25021417601,"QUINCY",4,2,4450,4450
25021417602,"QUINCY",1,6,1789,1872
25021417602,"QUINCY",2,5,2428,2350
25021417602,"QUINCY",3,2,2850,2850
25021417602,"QUINCY",5,1,4500,4500
25021417602,"QUINCY",6,1,4500,4500
25021417701,"QUINCY",0,3,800,350
25021417701,"QUINCY",1,18,2122,2125
25021417701,"QUINCY",2,35,2609,2600
25021417701,"QUINCY",3,8,2900,2800
25021417701,"QUINCY",4,3,4132,4300
25021417702,"QUINCY",0,4,1660,1660
25021417702,"QUINCY",1,4,1936,1950
25021417702,"QUINCY",2,2,2195,2195
25021417801,"QUINCY",0,2,1935,1935
25021417801,"QUINCY",1,8,1924,1900
25021417801,"QUINCY",2,8,2188,2200
25021417801,"QUINCY",3,2,2350,2350
25021417901,"QUINCY",1,2,1635,1635
25021417901,"QUINCY",2,20,2542,2500
25021417901,"QUINCY",3,1,3500,3500
25021417902,"QUINCY",1,5,2118,2100
25021417902,"QUINCY",2,4,2291,2295
25021417902,"QUINCY",3,4,3000,2850
25021417902,"QUINCY",4,1,3400,3400
25021417902,"QUINCY",5,2,3784,3784
25021418002,"QUINCY",1,13,2267,2000
25021418002,"QUINCY",2,9,2668,2795
25021418002,"QUINCY",3,4,3400,3550
25021418002,"QUINCY",4,1,3000,3000
25021418003,"QUINCY",1,2,2932,2932
25021418003,"QUINCY",2,1,3456,3456
25021418003,"QUINCY",3,1,3800,3800
25021418004,"QUINCY",0,2,1612,1612
25021418004,"QUINCY",1,10,1934,1925
25021418004,"QUINCY",2,3,2467,2500
25021418004,"QUINCY",3,9,3288,3400
25021418004,"QUINCY",4,1,4200,4200
25021418101,"QUINCY",0,10,2327,2292
25021418101,"QUINCY",1,36,2659,2781
25021418101,"QUINCY",2,25,3659,3850
25021418101,"QUINCY",3,1,2695,2695
25021418102,"QUINCY",1,8,2038,2038
25021418102,"QUINCY",2,3,3327,3700
25021418102,"QUINCY",3,2,2772,2772
25021418200,"QUINCY",0,3,1608,1695
25021418200,"QUINCY",1,2,1950,1950
25021418200,"QUINCY",2,13,2635,2550
25021418200,"QUINCY",3,2,3983,3983
25021419100,"BRAINTREE",1,5,2618,2686
25021419100,"BRAINTREE",2,10,2970,3196
25021419100,"BRAINTREE",3,3,3383,3600
25021419100,"BRAINTREE",4,2,3550,3550
25021419200,"BRAINTREE",1,3,2137,2000
25021419200,"BRAINTREE",2,9,3204,3612
25021419200,"BRAINTREE",3,1,2800,2800
25021419300,"BRAINTREE",2,2,2550,2550
25021419300,"BRAINTREE",3,1,4000,4000
25021419400,"BRAINTREE",1,2,2045,2045
25021419500,"BRAINTREE",1,3,2133,2100
25021419500,"BRAINTREE",2,1,2650,2650
25021419500,"BRAINTREE",3,1,2800,2800
25021419600,"BRAINTREE",1,1,1640,1640
25021419600,"BRAINTREE",2,5,2430,2225
25021419700,"BRAINTREE",1,6,2918,3050
25021419700,"BRAINTREE",2,2,3840,3840
25021419700,"BRAINTREE",3,2,3900,3900
25021419800,"BRAINTREE",0,3,2225,2225
25021419800,"BRAINTREE",1,3,2752,2485
25021419800,"BRAINTREE",2,3,2891,3100
25021419800,"BRAINTREE",3,1,3800,3800
25021420100,"RANDOLPH",3,4,3150,3225
25021420201,"RANDOLPH",1,1,1800,1800
25021420201,"RANDOLPH",2,3,2397,2400
25021420201,"RANDOLPH",3,2,3450,3450
25021420202,"RANDOLPH",2,2,2575,2575
25021420202,"RANDOLPH",3,2,2440,2440
25021420301,"RANDOLPH",3,1,3500,3500
25021420302,"RANDOLPH",3,1,3600,3600
25021420302,"RANDOLPH",4,1,4200,4200
25021421100,"HOLBROOK",2,3,2712,2536
25021421100,"HOLBROOK",3,3,2997,2856
25021421200,"HOLBROOK",0,2,2200,2200
25021421200,"HOLBROOK",2,2,2625,2625
25021421200,"HOLBROOK",3,3,3167,3400
25021422100,"WEYMOUTH",1,1,1850,1850
25021422200,"WEYMOUTH",1,1,1950,1950
25021422200,"WEYMOUTH",2,10,2441,2375
25021422200,"WEYMOUTH",3,1,1200,1200
25021422302,"WEYMOUTH",1,2,1850,1850
25021422302,"WEYMOUTH",4,1,4500,4500
25021422400,"WEYMOUTH",0,6,1933,1950
25021422400,"WEYMOUTH",1,12,2293,2350
25021422400,"WEYMOUTH",2,11,3014,3137
25021422400,"WEYMOUTH",3,1,3741,3741
25021422400,"WEYMOUTH",4,1,3100,3100
25021422501,"WEYMOUTH",1,4,2053,2025
25021422501,"WEYMOUTH",2,2,2572,2572
25021422501,"WEYMOUTH",3,1,2866,2866
25021422501,"WEYMOUTH",4,2,3876,3876
25021422502,"WEYMOUTH",2,4,2250,2275
25021422502,"WEYMOUTH",3,2,2900,2900
25021422502,"WEYMOUTH",5,1,1000,1000
25021422600,"WEYMOUTH",1,3,2500,2650
25021422600,"WEYMOUTH",2,3,2817,3000
25021422600,"WEYMOUTH",3,1,4500,4500
25021422700,"WEYMOUTH",1,2,1760,1760
25021422700,"WEYMOUTH",4,1,4500,4500
25021422800,"WEYMOUTH",0,1,1695,1695
25021422800,"WEYMOUTH",2,3,2582,2495
25021423100,"COHASSET",1,1,2600,2600
25021423100,"COHASSET",2,1,2200,2200
25021440100,"PLAINVILLE",1,14,2036,1982
25021440100,"PLAINVILLE",2,12,2332,2265
25021441204,"WRENTHAM",1,1,2000,2000
25021441204,"WRENTHAM",2,1,1400,1400
25021442101,"FRANKLIN",1,1,1800,1800
25021442101,"FRANKLIN",2,7,2328,2400
25021442101,"FRANKLIN",3,1,2900,2900
25021442102,"FRANKLIN",1,4,1970,1904
25021442102,"FRANKLIN",2,13,2546,2619
25021442102,"FRANKLIN",3,2,2900,2900
25021442102,"FRANKLIN",4,1,3150,3150
25021442201,"FRANKLIN",3,1,2700,2700
25021442202,"FRANKLIN",0,1,850,850
25021442202,"FRANKLIN",1,15,1940,1800
25021442202,"FRANKLIN",2,9,2372,2400
25021442202,"FRANKLIN",3,1,1950,1950
25021443101,"BELLINGHAM",2,2,2550,2550
25021443102,"BELLINGHAM",2,1,2500,2500
25021456101,"STOUGHTON",0,1,1450,1450
25021456101,"STOUGHTON",2,1,2400,2400
25021456101,"STOUGHTON",3,1,4800,4800
25021456102,"STOUGHTON",0,1,1620,1620
25021456102,"STOUGHTON",1,1,2200,2200
25021456102,"STOUGHTON",2,6,2486,2212
25021456301,"STOUGHTON",1,1,1700,1700
25021456301,"STOUGHTON",2,3,2197,2195
25021456301,"STOUGHTON",3,1,3000,3000
25021456302,"STOUGHTON",1,1,2837,2837
25021456302,"STOUGHTON",2,4,3450,3394
25021456401,"STOUGHTON",1,4,1738,1650
25021456401,"STOUGHTON",3,1,3750,3750
25021456402,"STOUGHTON",2,5,3008,2990
25021457100,"AVON",1,2,1688,1688
25021457200,"NEEDHAM",1,1,2400,2400
25021457200,"NEEDHAM",3,1,7250,7250
25023500101,"HULL",1,2,2025,2025
25023500101,"HULL",2,1,2450,2450
25023500103,"HULL",1,1,3276,3276
25023500103,"HULL",2,1,3447,3447
25023500104,"HULL",0,2,1450,1450
25023500104,"HULL",1,1,1450,1450
25023500104,"HULL",2,4,2694,2688
25023500104,"HULL",3,1,2600,2600
25023500104,"HULL",4,1,3000,3000
25023501102,"HINGHAM",1,3,3557,4375
25023501102,"HINGHAM",2,8,3637,3488
25023501102,"HINGHAM",3,2,4372,4372
25023501202,"HINGHAM",3,1,8500,8500
25023502101,"ROCKLAND",0,1,1700,1700
25023502101,"ROCKLAND",1,2,1800,1800
25023502101,"ROCKLAND",2,3,2717,2800
25023502101,"ROCKLAND",3,1,3600,3600
25023502200,"ROCKLAND",0,1,1250,1250
25023502200,"ROCKLAND",1,2,1675,1675
25023502200,"ROCKLAND",2,1,2950,2950
25023503101,"HANOVER",2,1,2600,2600
25023503102,"HANOVER",1,1,1750,1750
25023503102,"HANOVER",2,1,1975,1975
25023504101,"NORWELL",4,1,7000,7000
25023505101,"SCITUATE",2,1,4000,4000
25023505200,"SCITUATE",1,1,2985,2985
25023505200,"SCITUATE",2,3,3118,2800
25023505200,"SCITUATE",3,1,4995,4995
25023506101,"MARSHFIELD",1,3,2900,2500
25023506101,"MARSHFIELD",2,4,3337,3335
25023506102,"MARSHFIELD",1,2,2248,2248
25023506102,"MARSHFIELD",2,3,2975,3016
25023506202,"MARSHFIELD",1,1,3717,3717
25023506202,"MARSHFIELD",4,1,5800,5800
25023506203,"MARSHFIELD",2,1,2395,2395
25023506203,"MARSHFIELD",3,4,3550,3550
25023506204,"MARSHFIELD",3,1,2700,2700
25023507101,"DUXBURY",1,1,1600,1600
25023507101,"DUXBURY",2,1,2400,2400
25023507103,"DUXBURY",1,1,2400,2400
25023507104,"DUXBURY",2,1,2600,2600
25023508101,"PEMBROKE",1,2,2225,2225
25023508101,"PEMBROKE",2,1,2500,2500
25023508101,"PEMBROKE",3,1,3450,3450
25023508200,"PEMBROKE",1,2,1962,1962
25023508200,"PEMBROKE",2,1,2800,2800
25023508200,"PEMBROKE",3,1,3300,3300
25023509102,"KINGSTON",1,1,2000,2000
25023509102,"KINGSTON",2,2,5242,5242
25023510100,"BROCKTON",1,3,1733,1700
25023510100,"BROCKTON",3,3,2333,2200
25023510200,"BROCKTON",1,1,1800,1800
25023510200,"BROCKTON",2,2,2200,2200
25023510200,"BROCKTON",3,1,3500,3500
25023510300,"BROCKTON",2,3,2000,2025
25023510300,"BROCKTON",3,3,2724,2800
25023510400,"BROCKTON",1,1,1495,1495
25023510400,"BROCKTON",2,1,2400,2400
25023510400,"BROCKTON",3,3,2767,2800
25023510400,"BROCKTON",4,1,3000,3000
25023510501,"BROCKTON",2,1,2200,2200
25023510501,"BROCKTON",3,4,2800,2775
25023510502,"BROCKTON",1,2,1812,1812
25023510502,"BROCKTON",3,1,3000,3000
25023510503,"BROCKTON",1,7,1917,1900
25023510503,"BROCKTON",2,4,2362,2400
25023510600,"BROCKTON",1,2,1650,1650
25023510600,"BROCKTON",2,1,2500,2500
25023510700,"BROCKTON",0,1,1550,1550
25023510700,"BROCKTON",1,5,1605,1625
25023510700,"BROCKTON",2,10,2202,2200
25023510700,"BROCKTON",3,4,2612,2625
25023510700,"BROCKTON",4,2,3784,3784
25023510800,"BROCKTON",1,1,1575,1575
25023510800,"BROCKTON",2,1,1995,1995
25023510900,"BROCKTON",0,1,1900,1900
25023510900,"BROCKTON",1,3,1601,1750
25023510900,"BROCKTON",2,3,2315,2225
25023510900,"BROCKTON",3,1,2950,2950
25023511000,"BROCKTON",2,2,2600,2600
25023511000,"BROCKTON",3,3,3033,3200
25023511000,"BROCKTON",4,1,3000,3000
25023511100,"BROCKTON",0,1,1300,1300
25023511100,"BROCKTON",2,1,2700,2700
25023511100,"BROCKTON",3,10,2566,2450
25023511200,"BROCKTON",2,1,2200,2200
25023511301,"BROCKTON",0,1,1600,1600
25023511301,"BROCKTON",2,3,2400,2400
25023511400,"BROCKTON",1,4,1731,1787
25023511400,"BROCKTON",2,3,1998,2000
25023511400,"BROCKTON",3,1,3000,3000
25023511400,"BROCKTON",4,2,3200,3200
25023511500,"BROCKTON",2,1,2000,2000
25023511500,"BROCKTON",3,4,2800,2800
25023511600,"BROCKTON",0,1,3000,3000
25023511600,"BROCKTON",1,2,875,875
25023511600,"BROCKTON",2,6,2408,2400
25023511600,"BROCKTON",3,4,2725,2800
25023511701,"BROCKTON",2,1,2295,2295
25023520100,"ABINGTON",2,1,2400,2400
25023520100,"ABINGTON",3,1,3000,3000
25023520201,"ABINGTON",2,3,2617,2550
25023520202,"ABINGTON",2,7,2481,2415
25023521102,"WHITMAN",0,1,1100,1100
25023521102,"WHITMAN",1,1,2000,2000
25023521102,"WHITMAN",2,4,2322,2300
25023521201,"WHITMAN",2,2,2600,2600
25023521202,"WHITMAN",2,1,3500,3500
25023522102,"HANSON",1,6,1750,1725
25023523201,"EAST BRIDGEWATER",1,1,2199,2199
25023523201,"EAST BRIDGEWATER",3,1,2999,2999
25023523202,"EAST BRIDGEWATER",2,3,2183,2650
25023523202,"EAST BRIDGEWATER",3,2,2950,2950
25023524101,"WEST BRIDGEWATER",0,1,1600,1600
25023524101,"WEST BRIDGEWATER",1,2,2450,2450
25023524101,"WEST BRIDGEWATER",2,3,2950,2000
25023524102,"WEST BRIDGEWATER",1,1,1328,1328
25023524102,"WEST BRIDGEWATER",2,1,2200,2200
25023525101,"BRIDGEWATER",2,2,2350,2350
25023525101,"BRIDGEWATER",3,1,3000,3000
25023525101,"BRIDGEWATER",4,1,3250,3250
25023525104,"BRIDGEWATER",0,1,1900,1900
25023525104,"BRIDGEWATER",2,2,2100,2100
25023525203,"BRIDGEWATER",1,1,2070,2070
25023525203,"BRIDGEWATER",5,1,3800,3800
25023526100,"HALIFAX",2,1,3300,3300
25023530200,"PLYMOUTH",2,1,2095,2095
25023530500,"PLYMOUTH",1,3,2883,3450
25023530600,"PLYMOUTH",0,1,2100,2100
25023530600,"PLYMOUTH",2,1,2800,2800
25023530600,"PLYMOUTH",3,1,2900,2900
25023543100,"PLYMPTON",5,1,3999,3999
25023561200,"BRIDGEWATER",3,1,1887,1887
25025000100,"BOSTON",0,21,2670,2749
25025000100,"BOSTON",1,45,3044,2925
25025000100,"BOSTON",2,86,3224,2922
25025000100,"BOSTON",3,51,4094,3900
25025000100,"BOSTON",4,53,4720,4550
25025000100,"BOSTON",5,23,6239,6350
25025000100,"BOSTON",6,4,3372,3380
25025000201,"BOSTON",0,1,2200,2200
25025000201,"BOSTON",1,20,2267,2250
25025000201,"BOSTON",2,26,2773,2625
25025000201,"BOSTON",3,61,3556,3500
25025000201,"BOSTON",4,26,4313,4400
25025000201,"BOSTON",5,14,5227,5400
25025000201,"BOSTON",6,4,5425,5500
25025000202,"BOSTON",0,1,2100,2100
25025000202,"BOSTON",1,13,2210,2300
25025000202,"BOSTON",2,17,2878,2700
25025000202,"BOSTON",3,37,3773,3700
25025000202,"BOSTON",4,29,4394,4600
25025000202,"BOSTON",5,7,5643,5600
25025000301,"BOSTON",0,1,1600,1600
25025000301,"BOSTON",1,19,2548,2695
25025000301,"BOSTON",2,30,2986,3000
25025000301,"BOSTON",3,28,3567,3500
25025000301,"BOSTON",4,18,4517,4300
25025000301,"BOSTON",5,9,5433,5600
25025000301,"BOSTON",6,3,6200,6200
25025000302,"BOSTON",1,3,2150,2200
25025000302,"BOSTON",2,21,2885,2750
25025000302,"BOSTON",3,34,3441,3500
25025000302,"BOSTON",4,19,5090,5200
25025000302,"BOSTON",5,2,1388,1388
25025000302,"BOSTON",6,3,5800,5800
25025000401,"BOSTON",0,39,2082,2125
25025000401,"BOSTON",1,89,2340,2350
25025000401,"BOSTON",2,95,2981,2895
25025000401,"BOSTON",3,58,3883,3600
25025000401,"BOSTON",4,18,4215,4300
25025000401,"BOSTON",5,4,4656,4948
25025000401,"BOSTON",6,1,7200,7200
25025000402,"BOSTON",0,21,2007,1995
25025000402,"BOSTON",1,69,2446,2395
25025000402,"BOSTON",2,58,2997,2974
25025000402,"BOSTON",3,36,3630,3525
25025000402,"BOSTON",4,25,4685,4200
25025000402,"BOSTON",5,7,5893,5000
25025000402,"BOSTON",6,2,10500,10500
25025000502,"BOSTON",0,58,2124,2099
25025000502,"BOSTON",1,88,2468,2425
25025000502,"BOSTON",2,57,2975,3000
25025000502,"BOSTON",3,37,3807,3750
25025000502,"BOSTON",4,4,4264,4648
25025000502,"BOSTON",5,17,6641,6500
25025000502,"BOSTON",6,3,7650,7650
25025000502,"BROOKLINE",1,1,2400,2400
25025000502,"BROOKLINE",2,1,2800,2800
25025000503,"BOSTON",0,39,2032,2095
25025000503,"BOSTON",1,82,2433,2422
25025000503,"BOSTON",2,83,2978,3000
25025000503,"BOSTON",3,35,3617,3600
25025000503,"BOSTON",4,5,5220,5000
25025000503,"BOSTON",5,4,5000,5000
25025000503,"BOSTON",6,2,6748,6748
25025000504,"BOSTON",0,63,2079,2050
25025000504,"BOSTON",1,111,2419,2400
25025000504,"BOSTON",2,147,2971,2900
25025000504,"BOSTON",3,52,4106,3638
25025000504,"BOSTON",4,44,4497,4350
25025000504,"BOSTON",5,11,4790,4950
25025000504,"BROOKLINE",2,2,3100,3100
25025000601,"BOSTON",0,13,2078,2095
25025000601,"BOSTON",1,38,2538,2400
25025000601,"BOSTON",2,66,3165,3150
25025000601,"BOSTON",3,29,3754,3725
25025000601,"BOSTON",4,36,4671,4650
25025000601,"BOSTON",5,17,5843,5995
25025000601,"BOSTON",6,5,3235,1125
25025000602,"BOSTON",0,44,2037,2025
25025000602,"BOSTON",1,117,2390,2395
25025000602,"BOSTON",2,88,3069,2825
25025000602,"BOSTON",3,28,3648,3650
25025000602,"BOSTON",4,17,4956,4800
25025000602,"BOSTON",5,1,1275,1275
25025000602,"BOSTON",6,2,3525,3525
25025000701,"BOSTON",0,76,2081,2075
25025000701,"BOSTON",1,182,2397,2375
25025000701,"BOSTON",2,162,2892,2862
25025000701,"BOSTON",3,49,3856,3700
25025000701,"BOSTON",4,27,4729,4800
25025000701,"BOSTON",5,9,5214,5700
25025000701,"BOSTON",6,1,6000,6000
25025000703,"BOSTON",0,127,2062,2050
25025000703,"BOSTON",1,112,2356,2395
25025000703,"BOSTON",2,64,3333,3125
25025000703,"BOSTON",3,47,4372,4325
25025000703,"BOSTON",4,28,4855,4500
25025000703,"BOSTON",5,2,6000,6000
25025000704,"BOSTON",0,55,2035,2000
25025000704,"BOSTON",1,111,2389,2445
25025000704,"BOSTON",2,106,3207,2900
25025000704,"BOSTON",3,34,3804,3650
25025000704,"BOSTON",4,39,4759,4700
25025000704,"BOSTON",5,11,6227,6600
25025000802,"BOSTON",0,45,2071,2025
25025000802,"BOSTON",1,167,2583,2500
25025000802,"BOSTON",2,203,3635,3600
25025000802,"BOSTON",3,91,4031,3900
25025000802,"BOSTON",4,92,4529,4625
25025000802,"BOSTON",5,26,5659,5875
25025000802,"BOSTON",6,8,3983,4750
25025000803,"BOSTON",0,1,3100,3100
25025000803,"BOSTON",1,3,2758,2500
25025000803,"BOSTON",2,2,4850,4850
25025000803,"BOSTON",3,1,7000,7000
25025000803,"BOSTON",5,2,5100,5100
25025010103,"BOSTON",1,4,2612,2675
25025010103,"BOSTON",3,2,4875,4875
25025010103,"BOSTON",4,1,5600,5600
25025010103,"BOSTON",5,1,10000,10000
25025010104,"BOSTON",0,59,2435,2450
25025010104,"BOSTON",1,61,3149,3150
25025010104,"BOSTON",2,44,4113,3925
25025010104,"BOSTON",3,4,4475,4300
25025010104,"BOSTON",4,3,6400,6800
25025010203,"BOSTON",0,162,2628,2435
25025010203,"BOSTON",1,186,3255,3050
25025010203,"BOSTON",2,79,4195,3800
25025010203,"BOSTON",3,6,5873,5050
25025010203,"BOSTON",4,1,6000,6000
25025010204,"BOSTON",0,52,2260,2272
25025010204,"BOSTON",1,36,3127,2838
25025010204,"BOSTON",2,28,3950,3812
25025010204,"BOSTON",3,31,5013,4900
25025010204,"BOSTON",4,5,4152,5500
25025010204,"BOSTON",5,2,7000,7000
25025010300,"BOSTON",0,6,2175,2150
25025010300,"BOSTON",1,9,2539,2850
25025010300,"BOSTON",3,2,3900,3900
25025010403,"BOSTON",0,60,2543,2515
25025010403,"BOSTON",1,102,3200,3175
25025010403,"BOSTON",2,37,4113,3995
25025010403,"BOSTON",3,4,5069,5050
25025010403,"BOSTON",4,2,6000,6000
25025010404,"BOSTON",0,10,2168,2300
25025010404,"BOSTON",1,16,3065,3175
25025010404,"BOSTON",2,11,4012,3900
25025010404,"BOSTON",3,12,5429,4975
25025010404,"BOSTON",4,3,6700,6400
25025010405,"BOSTON",0,14,2350,2388
25025010405,"BOSTON",1,13,2990,3100
25025010405,"BOSTON",2,15,3999,3995
25025010405,"BOSTON",3,1,4995,4995
25025010408,"BOSTON",0,59,2450,2400
25025010408,"BOSTON",1,91,2961,2950
25025010408,"BOSTON",2,71,4043,4150
25025010408,"BOSTON",3,5,3425,3545
25025010500,"BOSTON",0,13,2201,2325
25025010500,"BOSTON",1,16,3473,3138
25025010500,"BOSTON",2,13,4010,4100
25025010500,"BOSTON",3,6,5153,5100
25025010600,"BOSTON",0,16,3808,2472
25025010600,"BOSTON",1,36,4182,4202
25025010600,"BOSTON",2,40,5551,5370
25025010600,"BOSTON",3,5,7359,7312
25025010600,"BOSTON",4,2,6712,6712
25025010701,"BOSTON",0,24,2481,2375
25025010701,"BOSTON",1,45,3197,3250
25025010701,"BOSTON",2,11,4562,4170
25025010701,"BOSTON",3,2,4850,4850
25025010702,"BOSTON",0,9,2936,2800
25025010702,"BOSTON",1,27,3472,3350
25025010702,"BOSTON",2,8,5700,6950
25025010702,"BOSTON",3,1,8000,8000
25025010801,"BOSTON",0,25,2710,2795
25025010801,"BOSTON",1,23,3548,3350
25025010801,"BOSTON",2,12,4817,4900
25025010801,"BOSTON",3,1,6000,6000
25025010801,"BOSTON",5,5,6968,1530
25025010802,"BOSTON",0,36,2446,2425
25025010802,"BOSTON",1,43,3224,3300
25025010802,"BOSTON",2,23,4531,4460
25025010802,"BOSTON",3,7,5043,5050
25025020101,"BOSTON",0,29,2489,2395
25025020101,"BOSTON",1,25,3186,3200
25025020101,"BOSTON",2,14,4616,3875
25025020101,"BOSTON",3,1,4600,4600
25025020200,"BOSTON",0,26,2352,2450
25025020200,"BOSTON",1,67,2828,2700
25025020200,"BOSTON",2,77,3779,3695
25025020200,"BOSTON",3,8,4797,4805
25025020200,"BOSTON",4,4,5469,5600
25025020301,"BOSTON",0,11,2646,2550
25025020301,"BOSTON",1,3,3697,2495
25025020301,"BOSTON",2,3,5338,3750
25025020302,"BOSTON",0,3,1867,2100
25025020302,"BOSTON",1,35,3097,3250
25025020302,"BOSTON",2,15,3651,3870
25025020302,"BOSTON",3,4,4988,5025
25025020303,"BOSTON",0,18,3122,3076
25025020303,"BOSTON",1,45,3854,3950
25025020303,"BOSTON",2,23,4799,4772
25025020303,"BOSTON",3,2,6812,6812
25025020303,"BOSTON",4,1,4882,4882
25025030100,"BOSTON",0,3,2383,2275
25025030100,"BOSTON",1,34,2631,2705
25025030100,"BOSTON",2,30,3584,3698
25025030100,"BOSTON",3,18,4699,4798
25025030100,"BOSTON",4,2,6100,6100
25025030200,"BOSTON",0,3,2250,2300
25025030200,"BOSTON",1,25,2729,2600
25025030200,"BOSTON",2,30,3599,3600
25025030200,"BOSTON",3,12,4639,4600
25025030200,"BOSTON",5,1,6875,6875
25025030300,"BOSTON",0,3,4240,2300
25025030300,"BOSTON",1,26,3505,3540
25025030300,"BOSTON",2,21,4440,4400
25025030300,"BOSTON",3,3,5100,5500
25025030300,"BOSTON",4,2,11250,11250
25025030400,"BOSTON",0,8,2532,2600
25025030400,"BOSTON",1,28,2706,2600
25025030400,"BOSTON",2,55,3653,3550
25025030400,"BOSTON",3,14,4595,4698
25025030400,"BOSTON",4,1,5200,5200
25025030500,"BOSTON",0,9,2263,2100
25025030500,"BOSTON",1,22,3278,2850
25025030500,"BOSTON",2,18,3479,3375
25025030500,"BOSTON",3,18,4761,4850
25025030500,"BOSTON",4,2,6650,6650
25025040100,"BOSTON",1,1,2800,2800
25025040100,"BOSTON",3,3,3767,3600
25025040300,"BOSTON",1,9,2464,2700
25025040300,"BOSTON",2,5,3460,3600
25025040300,"BOSTON",3,8,4388,4150
25025040300,"BOSTON",4,2,5148,5148
25025040401,"BOSTON",1,7,3254,2800
25025040401,"BOSTON",2,6,5403,5299
25025040600,"BOSTON",0,4,2593,2688
25025040600,"BOSTON",1,4,2169,2075
25025040600,"BOSTON",2,8,3004,2972
25025040600,"BOSTON",3,3,5914,5225
25025040600,"BOSTON",4,4,4210,4998
25025040801,"BOSTON",1,2,2125,2125
25025040801,"BOSTON",2,5,4717,5188
25025040801,"BOSTON",3,3,2782,1610
25025050101,"BOSTON",0,2,1925,1925
25025050101,"BOSTON",1,12,1823,2012
25025050101,"BOSTON",2,16,2954,3050
25025050101,"BOSTON",3,6,3125,3125
25025050101,"BOSTON",4,5,3508,3500
25025050200,"BOSTON",0,3,2157,2195
25025050200,"BOSTON",1,22,2044,2225
25025050200,"BOSTON",2,16,2785,2648
25025050200,"BOSTON",3,3,3500,3800
25025050200,"BOSTON",4,6,4083,4050
25025050200,"BOSTON",5,1,4250,4250
25025050300,"BOSTON",0,1,1850,1850
25025050300,"BOSTON",1,15,3418,3355
25025050300,"BOSTON",2,22,3614,3274
25025050300,"BOSTON",3,6,4072,3822
25025050300,"BOSTON",4,1,3720,3720
25025050400,"BOSTON",1,6,2598,2562
25025050400,"BOSTON",2,9,3089,3000
25025050400,"BOSTON",3,2,3298,3298
25025050500,"BOSTON",1,14,1717,1325
25025050500,"BOSTON",2,4,2825,2850
25025050500,"BOSTON",3,3,3383,3525
25025050500,"BOSTON",4,4,4719,4562
25025050600,"BOSTON",1,9,2462,2550
25025050600,"BOSTON",2,11,3009,3150
25025050600,"BOSTON",3,7,3734,3750
25025050600,"BOSTON",4,1,5200,5200
25025050700,"BOSTON",1,5,2490,2650
25025050700,"BOSTON",2,25,3307,2895
25025050700,"BOSTON",3,19,3255,3400
25025050700,"BOSTON",4,3,4033,4200
25025050901,"BOSTON",1,5,2350,2400
25025050901,"BOSTON",2,5,2728,2800
25025050901,"BOSTON",3,12,3602,3748
25025050901,"BOSTON",4,4,3912,3950
25025051000,"BOSTON",0,4,1956,1925
25025051000,"BOSTON",1,14,1928,1562
25025051000,"BOSTON",2,14,3268,3325
25025051000,"BOSTON",3,7,3316,3150
25025051000,"BOSTON",4,1,3400,3400
25025051101,"BOSTON",0,1,1900,1900
25025051101,"BOSTON",1,14,1568,1550
25025051101,"BOSTON",2,18,3086,2995
25025051101,"BOSTON",3,4,3876,3560
25025051101,"BOSTON",4,5,3950,3950
25025051101,"BOSTON",5,3,3908,4450
25025051200,"BOSTON",0,2,5772,5772
25025051200,"BOSTON",1,17,2239,2200
25025051200,"BOSTON",2,18,3275,3550
25025051200,"BOSTON",3,5,3750,4150
25025051200,"BOSTON",4,8,4256,3950
25025060101,"BOSTON",0,2,2375,2375
25025060101,"BOSTON",1,9,2633,2700
25025060101,"BOSTON",2,23,3439,3300
25025060101,"BOSTON",3,15,4670,4300
25025060101,"BOSTON",4,5,5910,6000
25025060101,"BOSTON",5,2,6250,6250
25025060200,"BOSTON",0,1,2400,2400
25025060200,"BOSTON",1,6,2967,2950
25025060200,"BOSTON",2,10,3235,3250
25025060200,"BOSTON",3,11,4759,4800
25025060200,"BOSTON",4,1,5800,5800
25025060200,"BOSTON",5,2,7450,7450
25025060301,"BOSTON",0,2,1775,1775
25025060301,"BOSTON",1,24,1983,1712
25025060301,"BOSTON",2,17,4014,4000
25025060301,"BOSTON",3,15,5158,5200
25025060301,"BOSTON",4,6,5825,5975
25025060301,"BOSTON",5,3,8167,8250
25025060400,"BOSTON",0,7,2286,2400
25025060400,"BOSTON",1,18,2681,2550
25025060400,"BOSTON",2,33,3765,3650
25025060400,"BOSTON",3,17,5122,5000
25025060400,"BOSTON",4,11,5754,5600
25025060400,"BOSTON",5,6,5717,6400
25025060501,"BOSTON",0,4,2338,2350
25025060501,"BOSTON",1,22,2417,2550
25025060501,"BOSTON",2,20,3570,3525
25025060501,"BOSTON",3,13,5194,4900
25025060501,"BOSTON",4,4,5850,5800
25025060501,"BOSTON",5,1,7500,7500
25025060600,"BOSTON",0,9,3436,3429
25025060600,"BOSTON",1,47,4461,4199
25025060600,"BOSTON",2,29,6435,5080
25025060600,"BOSTON",3,7,5170,4600
25025060600,"BOSTON",4,1,6250,6250
25025060700,"BOSTON",3,1,3975,3975
25025060800,"BOSTON",0,1,2695,2695
25025060800,"BOSTON",1,11,2730,3100
25025060800,"BOSTON",2,28,4027,4050
25025060800,"BOSTON",3,14,4670,4500
25025060800,"BOSTON",4,3,6215,5400
25025060800,"BOSTON",5,1,8500,8500
25025060800,"BOSTON",6,1,7500,7500
25025061000,"BOSTON",0,2,1950,1950
25025061000,"BOSTON",1,6,3000,2900
25025061000,"BOSTON",2,7,3586,3500
25025061000,"BOSTON",3,8,4893,4900
25025061000,"BOSTON",4,4,6925,6875
25025061000,"BOSTON",5,1,7500,7500
25025061101,"BOSTON",2,3,3450,3400
25025061101,"BOSTON",3,2,4275,4275
25025061101,"BOSTON",4,1,5950,5950
25025061200,"BOSTON",0,15,2566,2600
25025061200,"BOSTON",1,31,2997,3000
25025061200,"BOSTON",2,33,3865,3700
25025061200,"BOSTON",3,10,3949,3998
25025061200,"BOSTON",4,4,5924,5650
25025070101,"BOSTON",0,66,2623,2575
25025070101,"BOSTON",1,91,3208,3050
25025070101,"BOSTON",2,44,6012,4262
25025070101,"BOSTON",3,12,6516,5400
25025070101,"BOSTON",4,6,6608,6750
25025070200,"BOSTON",0,13,3081,3469
25025070200,"BOSTON",1,35,3567,3760
25025070200,"BOSTON",2,26,5092,5518
25025070200,"BOSTON",3,6,5916,6400
25025070200,"BOSTON",4,5,8459,8895
25025070300,"BOSTON",0,13,2477,2250
25025070300,"BOSTON",1,26,3915,3950
25025070300,"BOSTON",2,16,4982,4675
25025070300,"BOSTON",3,20,6270,6150
25025070300,"BOSTON",5,4,7650,7650
25025070402,"BOSTON",0,8,3410,3384
25025070402,"BOSTON",1,13,4390,4379
25025070402,"BOSTON",2,13,5054,4200
25025070402,"BOSTON",3,5,8469,8699
25025070500,"BOSTON",0,5,2462,2500
25025070500,"BOSTON",1,11,2944,2995
25025070500,"BOSTON",2,21,4915,4700
25025070500,"BOSTON",3,8,4738,4650
25025070600,"BOSTON",0,3,1880,1800
25025070600,"BOSTON",1,12,3218,3425
25025070600,"BOSTON",2,5,5060,4650
25025070700,"BOSTON",0,10,2420,2350
25025070700,"BOSTON",1,11,4023,4200
25025070700,"BOSTON",2,8,5339,5208
25025070700,"BOSTON",3,4,7125,6200
25025070800,"BOSTON",0,24,2940,2475
25025070800,"BOSTON",1,8,2769,2650
25025070800,"BOSTON",2,9,3911,4100
25025070800,"BOSTON",3,9,6266,5100
25025070800,"BOSTON",4,7,6114,6200
25025070900,"BOSTON",0,14,2292,2275
25025070900,"BOSTON",1,8,3319,3200
25025070900,"BOSTON",2,22,3996,3925
25025070900,"BOSTON",3,10,4660,4800
25025070900,"BOSTON",4,3,4800,5300
25025070900,"BOSTON",5,1,5300,5300
25025071101,"BOSTON",0,10,2813,2838
25025071101,"BOSTON",1,43,3412,3590
25025071101,"BOSTON",2,53,4091,4000
25025071101,"BOSTON",3,23,4815,5000
25025071101,"BOSTON",4,4,5675,5950
25025071201,"BOSTON",0,7,3253,3274
25025071201,"BOSTON",1,33,3830,3931
25025071201,"BOSTON",2,23,5042,4500
25025071201,"BOSTON",3,3,8255,8028
25025071201,"BOSTON",4,2,4700,4700
25025080100,"BOSTON",1,4,2400,2400
25025080100,"BOSTON",2,6,2458,2472
25025080100,"BOSTON",3,4,3525,3544
25025080100,"BOSTON",4,1,4000,4000
25025080300,"BOSTON",0,1,2000,2000
25025080300,"BOSTON",1,2,2550,2550
25025080300,"BOSTON",2,5,2660,2700
25025080300,"BOSTON",3,2,3988,3988
25025080300,"BOSTON",4,2,3698,3698
25025080401,"BOSTON",0,13,2719,2900
25025080401,"BOSTON",1,8,2689,2600
25025080401,"BOSTON",2,5,3450,3400
25025080401,"BOSTON",3,8,4941,5225
25025080500,"BOSTON",1,3,2533,2500
25025080500,"BOSTON",2,4,5595,4450
25025080500,"BOSTON",3,6,4833,5200
25025080500,"BOSTON",4,2,5800,5800
25025080601,"BOSTON",1,12,3162,3400
25025080601,"BOSTON",2,16,3998,3875
25025080601,"BOSTON",3,16,5328,5650
25025080601,"BOSTON",4,3,5933,6200
25025080601,"BOSTON",5,3,4653,6000
25025080801,"BOSTON",1,5,3629,3725
25025080801,"BOSTON",2,2,5212,5212
25025080801,"BOSTON",3,5,4818,4850
25025080801,"BOSTON",4,4,5971,6395
25025080801,"BOSTON",5,2,6795,6795
25025080900,"BOSTON",0,11,3789,3001
25025080900,"BOSTON",1,25,3279,3067
25025080900,"BOSTON",2,29,3682,3631
25025080900,"BOSTON",3,26,4149,4200
25025080900,"BOSTON",4,42,5180,5475
25025080900,"BOSTON",5,10,5090,5448
25025080900,"BOSTON",6,7,8077,8499
25025081001,"BOSTON",0,9,2149,2200
25025081001,"BOSTON",1,23,2306,2395
25025081001,"BOSTON",2,18,3226,3200
25025081001,"BOSTON",3,16,3897,4000
25025081001,"BOSTON",4,25,5502,5800
25025081001,"BOSTON",5,4,7350,7450
25025081100,"BOSTON",0,37,2033,1875
25025081100,"BOSTON",1,53,2689,2495
25025081100,"BOSTON",2,41,3186,3100
25025081100,"BOSTON",3,19,3799,3800
25025081100,"BOSTON",4,29,5347,5100
25025081100,"BOSTON",6,2,8430,8430
25025081200,"BOSTON",0,4,2635,2698
25025081200,"BOSTON",1,1,2600,2600
25025081200,"BOSTON",2,3,2950,3000
25025081200,"BOSTON",3,4,3649,3650
25025081200,"BOSTON",4,7,4336,3950
25025081200,"BOSTON",5,2,5700,5700
25025081300,"BOSTON",1,8,2269,2100
25025081300,"BOSTON",2,20,3125,3095
25025081300,"BOSTON",3,9,3389,3000
25025081300,"BOSTON",4,10,3708,4295
25025081300,"BOSTON",5,4,2885,2930
25025081400,"BOSTON",0,2,1725,1725
25025081400,"BOSTON",1,11,1720,1800
25025081400,"BOSTON",2,9,2906,2995
25025081400,"BOSTON",3,27,3847,3900
25025081400,"BOSTON",4,19,5140,5000
25025081400,"BOSTON",5,14,5193,5000
25025081400,"BOSTON",6,1,10800,10800
25025081500,"BOSTON",0,1,1950,1950
25025081500,"BOSTON",1,1,975,975
25025081500,"BOSTON",2,2,2950,2950
25025081500,"BOSTON",3,11,3541,3600
25025081500,"BOSTON",4,6,4474,4350
25025081500,"BOSTON",5,9,4574,4445
25025081700,"BOSTON",1,3,2217,2300
25025081700,"BOSTON",2,8,2964,2888
25025081700,"BOSTON",3,6,3440,3450
25025081700,"BOSTON",4,19,3954,3995
25025081700,"BOSTON",5,3,5097,5095
25025081700,"BOSTON",6,2,6650,6650
25025081800,"BOSTON",0,1,1600,1600
25025081800,"BOSTON",2,1,3100,3100
25025081800,"BOSTON",3,11,3342,3095
25025081800,"BOSTON",4,12,3863,3845
25025081800,"BOSTON",5,1,4300,4300
25025081900,"BOSTON",1,1,2350,2350
25025081900,"BOSTON",2,1,2400,2400
25025081900,"BOSTON",3,4,3249,3100
25025081900,"BOSTON",4,5,3657,3695
25025081900,"BOSTON",5,2,4095,4095
25025082000,"BOSTON",1,3,2050,2250
25025082000,"BOSTON",2,1,2650,2650
25025082000,"BOSTON",3,3,3383,3500
25025082000,"BOSTON",4,2,3700,3700
25025082000,"BOSTON",5,1,4000,4000
25025082100,"BOSTON",0,1,2300,2300
25025082100,"BOSTON",1,1,2300,2300
25025082100,"BOSTON",3,1,3550,3550
25025090100,"BOSTON",2,2,2350,2350
25025090100,"BOSTON",3,5,2766,3000
25025090100,"BOSTON",4,2,2230,2230
25025090100,"BOSTON",5,3,2258,1025
25025090200,"BOSTON",0,1,9999,9999
25025090200,"BOSTON",1,1,2300,2300
25025090200,"BOSTON",2,1,3000,3000
25025090200,"BOSTON",3,4,3672,3672
25025090200,"BOSTON",4,6,4138,4095
25025090200,"BOSTON",5,3,4238,4295
25025090300,"BOSTON",2,1,2000,2000
25025090300,"BOSTON",3,2,3798,3798
25025090300,"BOSTON",4,3,3700,3700
25025090400,"BOSTON",2,2,3375,3375
25025090400,"BOSTON",3,2,3350,3350
25025090400,"BOSTON",4,3,3733,3800
25025090600,"BOSTON",0,1,680,680
25025090600,"BOSTON",1,4,1995,2350
25025090600,"BOSTON",2,4,3375,3400
25025090600,"BOSTON",3,4,3438,3375
25025090600,"BOSTON",4,5,3515,3500
25025090700,"BOSTON",1,3,2233,2500
25025090700,"BOSTON",2,11,3788,3125
25025090700,"BOSTON",3,39,3733,3600
25025090700,"BOSTON",4,19,3972,4000
25025090700,"BOSTON",5,3,5667,6000
25025090700,"BOSTON",6,1,7000,7000
25025090901,"BOSTON",1,4,3801,3547
25025090901,"BOSTON",2,8,3814,3054
25025090901,"BOSTON",3,5,5404,4922
25025091001,"BOSTON",1,3,2350,2350
25025091001,"BOSTON",2,2,2365,2365
25025091001,"BOSTON",3,4,3488,3175
25025091001,"BOSTON",4,3,4333,4100
25025091100,"BOSTON",1,12,2487,2798
25025091100,"BOSTON",2,12,2833,2888
25025091100,"BOSTON",3,23,3482,3450
25025091100,"BOSTON",4,17,3909,4000
25025091100,"BOSTON",5,2,3605,3605
25025091200,"BOSTON",2,2,3150,3150
25025091200,"BOSTON",3,8,5124,3036
25025091200,"BOSTON",4,15,3305,3900
25025091200,"BOSTON",5,1,18976,18976
25025091300,"BOSTON",0,1,2000,2000
25025091300,"BOSTON",3,6,3450,3400
25025091300,"BOSTON",4,16,3816,3700
25025091400,"BOSTON",2,7,2829,2850
25025091400,"BOSTON",3,2,3188,3188
25025091500,"BOSTON",1,8,1778,1675
25025091500,"BOSTON",2,3,2550,2650
25025091500,"BOSTON",3,12,2321,2722
25025091500,"BOSTON",4,3,3633,3700
25025091500,"BOSTON",5,2,3900,3900
25025091600,"BOSTON",1,4,2243,2100
25025091600,"BOSTON",2,2,2700,2700
25025091600,"BOSTON",3,5,3218,3100
25025091600,"BOSTON",4,2,3475,3475
25025091700,"BOSTON",1,2,1225,1225
25025091700,"BOSTON",3,4,3438,3550
25025091700,"BOSTON",4,3,3582,3500
25025091800,"BOSTON",1,3,1392,1650
25025091800,"BOSTON",2,1,2800,2800
25025091800,"BOSTON",3,5,2988,2800
25025091800,"BOSTON",4,6,3236,2975
25025091900,"BOSTON",1,7,2310,2300
25025091900,"BOSTON",2,10,2865,2750
25025091900,"BOSTON",3,20,3160,3450
25025091900,"BOSTON",4,8,3619,3425
25025091900,"BOSTON",6,1,5600,5600
25025092000,"BOSTON",1,1,875,875
25025092000,"BOSTON",3,10,3310,3395
25025092000,"BOSTON",4,3,3367,3400
25025092101,"BOSTON",0,1,2150,2150
25025092101,"BOSTON",1,2,1888,1888
25025092101,"BOSTON",2,7,2798,2550
25025092101,"BOSTON",3,21,3297,3200
25025092101,"BOSTON",4,6,4116,4300
25025092200,"BOSTON",0,1,4800,4800
25025092200,"BOSTON",1,9,2111,2300
25025092200,"BOSTON",2,15,2647,2650
25025092200,"BOSTON",3,12,3358,3425
25025092200,"BOSTON",4,5,3920,3700
25025092200,"BOSTON",5,1,5000,5000
25025092200,"BOSTON",6,1,5800,5800
25025092300,"BOSTON",3,13,3205,3200
25025092400,"BOSTON",1,2,1000,1000
25025092400,"BOSTON",3,3,3167,3100
25025092400,"BOSTON",4,1,3800,3800
25025100100,"BOSTON",1,4,1431,1438
25025100100,"BOSTON",2,2,2150,2150
25025100100,"BOSTON",3,5,3220,3200
25025100100,"BOSTON",4,4,4212,4300
25025100200,"BOSTON",3,5,3391,3390
25025100200,"BOSTON",4,1,3600,3600
25025100300,"BOSTON",3,4,3488,3450
25025100400,"BOSTON",1,2,1012,1012
25025100400,"BOSTON",2,1,2595,2595
25025100400,"BOSTON",3,8,3287,3350
25025100400,"BOSTON",4,3,3967,4000
25025100500,"BOSTON",1,1,1750,1750
25025100500,"BOSTON",2,1,2700,2700
25025100500,"BOSTON",3,17,3273,3250
25025100500,"BOSTON",4,7,2152,1310
25025100601,"BOSTON",2,8,2656,2700
25025100601,"BOSTON",3,17,3167,3145
25025100603,"BOSTON",1,4,2425,2700
25025100603,"BOSTON",2,6,2650,2650
25025100603,"BOSTON",3,2,3300,3300
25025100700,"BOSTON",3,3,3480,3595
25025100700,"BOSTON",4,1,3700,3700
25025100800,"BOSTON",0,1,2400,2400
25025100800,"BOSTON",1,5,2193,1900
25025100800,"BOSTON",2,8,2719,2800
25025100800,"BOSTON",3,12,3262,3225
25025100800,"BOSTON",4,1,3800,3800
25025100900,"BOSTON",0,1,2000,2000
25025100900,"BOSTON",1,4,2200,2088
25025100900,"BOSTON",2,3,3017,2800
25025100900,"BOSTON",3,4,3850,3950
25025101001,"BOSTON",1,4,2038,2050
25025101001,"BOSTON",2,9,2889,2800
25025101001,"BOSTON",3,3,3033,3000
25025101001,"BOSTON",4,1,3550,3550
25025101002,"BOSTON",2,3,2583,2600
25025101002,"BOSTON",3,8,3144,3000
25025101002,"BOSTON",5,2,4205,4205
25025101002,"BOSTON",6,1,3600,3600
25025101101,"BOSTON",1,2,1600,1600
25025101101,"BOSTON",2,6,2558,2400
25025101101,"BOSTON",3,3,3500,3500
25025101101,"BOSTON",4,8,3803,3575
25025101102,"BOSTON",1,2,2177,2177
25025101102,"BOSTON",3,11,3355,3400
25025101102,"BOSTON",4,4,4238,3675
25025101102,"BOSTON",5,1,4000,4000
25025110103,"BOSTON",1,27,2226,2200
25025110103,"BOSTON",2,25,2827,2700
25025110103,"BOSTON",3,13,3534,3399
25025110103,"BOSTON",4,20,4526,4698
25025110201,"BOSTON",1,1,2500,2500
25025110201,"BOSTON",2,5,2460,2500
25025110301,"BOSTON",1,11,2945,2900
25025110301,"BOSTON",2,20,3095,3250
25025110301,"BOSTON",3,3,3593,4500
25025110301,"BOSTON",4,2,3500,3500
25025110401,"BOSTON",1,2,2375,2375
25025110401,"BOSTON",2,16,3016,2975
25025110401,"BOSTON",3,3,4060,4140
25025110403,"BOSTON",1,3,2492,2675
25025110403,"BOSTON",2,11,3081,3200
25025110403,"BOSTON",3,5,3940,4000
25025110501,"BOSTON",2,2,3350,3350
25025110501,"BOSTON",3,3,3283,3300
25025110502,"BOSTON",1,2,2225,2225
25025110502,"BOSTON",2,9,2924,2900
25025110502,"BOSTON",3,4,3638,3750
25025110601,"BOSTON",2,4,2700,2700
25025110607,"BOSTON",1,8,2038,2175
25025110607,"BOSTON",2,13,3000,3000
25025110607,"BOSTON",3,3,3467,3600
25025120103,"BOSTON",1,7,2029,2000
25025120103,"BOSTON",2,2,3500,3500
25025120103,"BOSTON",3,6,4317,4500
25025120103,"BOSTON",4,1,5200,5200
25025120103,"BOSTON",5,1,5250,5250
25025120104,"BOSTON",1,7,2534,2495
25025120104,"BOSTON",2,22,2927,2990
25025120104,"BOSTON",3,8,3211,3350
25025120104,"BOSTON",4,2,4500,4500
25025120104,"BOSTON",5,1,6500,6500
25025120105,"BOSTON",1,1,2850,2850
25025120105,"BOSTON",2,2,3000,3000
25025120105,"BOSTON",5,3,6667,6500
25025120201,"BOSTON",0,9,1022,1000
25025120201,"BOSTON",1,11,2916,3100
25025120201,"BOSTON",2,20,3042,2850
25025120201,"BOSTON",3,12,4038,3900
25025120301,"BOSTON",1,2,1825,1825
25025120301,"BOSTON",2,16,3119,2900
25025120301,"BOSTON",3,22,3729,3600
25025120301,"BOSTON",4,11,4172,4100
25025120301,"BOSTON",5,1,5000,5000
25025120400,"BOSTON",0,5,1975,2025
25025120400,"BOSTON",1,47,2648,2680
25025120400,"BOSTON",2,28,3329,3325
25025120400,"BOSTON",3,13,4593,4000
25025120400,"BOSTON",4,28,4692,4770
25025120400,"BOSTON",5,5,5490,5250
25025120500,"BOSTON",1,9,2005,1800
25025120500,"BOSTON",2,8,3603,3600
25025120500,"BOSTON",3,11,3668,3700
25025120500,"BOSTON",4,6,3774,4200
25025120500,"BOSTON",5,1,4700,4700
25025120500,"BOSTON",6,1,6000,6000
25025120600,"BOSTON",0,2,2075,2075
25025120600,"BOSTON",1,1,2900,2900
25025120600,"BOSTON",2,10,3270,3175
25025120600,"BOSTON",3,6,3740,3800
25025120600,"BOSTON",4,8,4088,5000
25025120600,"BOSTON",5,1,3800,3800
25025120700,"BOSTON",1,7,2293,2400
25025120700,"BOSTON",2,15,3106,3100
25025120700,"BOSTON",3,16,3696,3700
25025120700,"BOSTON",4,9,4772,4860
25025120700,"BOSTON",5,3,2248,1000
25025130100,"BOSTON",1,18,2590,2400
25025130100,"BOSTON",2,29,3109,3250
25025130100,"BOSTON",3,8,3779,3675
25025130100,"BOSTON",4,4,4150,4200
25025130200,"BOSTON",1,3,1950,2350
25025130200,"BOSTON",2,8,2924,2850
25025130200,"BOSTON",3,7,3571,3400
25025130200,"BOSTON",4,5,4940,5000
25025130300,"BOSTON",1,2,2342,2342
25025130300,"BOSTON",2,9,2783,2750
25025130300,"BOSTON",3,1,3700,3700
25025130300,"BOSTON",5,1,4000,4000
25025130402,"BOSTON",0,1,2100,2100
25025130402,"BOSTON",1,27,2686,2700
25025130402,"BOSTON",2,20,3542,3800
25025130402,"BOSTON",3,4,3600,3400
25025130402,"BOSTON",4,1,4000,4000
25025130404,"BOSTON",1,4,2038,2100
25025130404,"BOSTON",2,4,2650,2550
25025130406,"BOSTON",1,9,2167,2260
25025130406,"BOSTON",2,3,2700,2745
25025130406,"BOSTON",3,1,3800,3800
25025140102,"BOSTON",1,1,3000,3000
25025140102,"BOSTON",2,2,2400,2400
25025140102,"BOSTON",3,2,3150,3150
25025140102,"BOSTON",4,2,3500,3500
25025140105,"BOSTON",2,1,1900,1900
25025140105,"BOSTON",3,4,3673,3499
25025140106,"BOSTON",2,5,3205,3000
25025140106,"BOSTON",3,5,3189,3066
25025140107,"BOSTON",3,1,3500,3500
25025140201,"BOSTON",1,1,1850,1850
25025140201,"BOSTON",2,8,3325,2450
25025140201,"BOSTON",3,1,3400,3400
25025140202,"BOSTON",1,7,2140,2050
25025140202,"BOSTON",2,4,2569,2475
25025140202,"BOSTON",3,6,3150,3262
25025140300,"BOSTON",0,1,1400,1400
25025140300,"BOSTON",1,5,2070,2000
25025140300,"BOSTON",2,9,2446,2400
25025140300,"BOSTON",3,8,3073,3195
25025140300,"BOSTON",4,1,4200,4200
25025140300,"BOSTON",5,1,4000,4000
25025140400,"BOSTON",1,5,2197,2500
25025140400,"BOSTON",2,6,2814,2767
25025140400,"BOSTON",3,1,2800,2800
25025160101,"CHELSEA",0,1,2095,2095
25025160101,"CHELSEA",1,2,1975,1975
25025160101,"CHELSEA",2,5,2629,2595
25025160101,"CHELSEA",3,5,2848,2900
25025160101,"CHELSEA",4,1,3300,3300
25025160200,"CHELSEA",0,1,2500,2500
25025160200,"CHELSEA",1,4,2514,2248
25025160200,"CHELSEA",2,5,2539,2300
25025160200,"CHELSEA",3,4,2850,2900
25025160300,"CHELSEA",0,2,2100,2100
25025160300,"CHELSEA",2,11,2705,2800
25025160400,"CHELSEA",0,8,1676,1575
25025160400,"CHELSEA",1,4,2445,2550
25025160400,"CHELSEA",2,3,2417,2500
25025160400,"CHELSEA",3,5,3310,3400
25025160501,"CHELSEA",0,9,1714,1650
25025160501,"CHELSEA",1,16,2250,2200
25025160501,"CHELSEA",2,16,2648,2500
25025160501,"CHELSEA",3,10,3137,2998
25025160501,"CHELSEA",4,5,3518,3550
25025160502,"CHELSEA",1,2,1975,1975
25025160502,"CHELSEA",2,3,2765,2450
25025160502,"CHELSEA",3,1,2800,2800
25025160601,"CHELSEA",1,4,1924,1998
25025160601,"CHELSEA",2,2,2650,2650
25025160602,"CHELSEA",1,3,1963,1995
25025160602,"CHELSEA",2,3,2195,2195
25025160602,"CHELSEA",3,2,3175,3175
25025160602,"CHELSEA",4,1,3900,3900
25025170100,"REVERE",0,2,1768,1768
25025170100,"REVERE",1,6,2101,2098
25025170100,"REVERE",2,3,2432,2400
25025170100,"REVERE",3,3,2933,3100
25025170100,"REVERE",4,1,3800,3800
25025170200,"REVERE",1,6,2085,2348
25025170200,"REVERE",2,1,2400,2400
25025170200,"REVERE",3,1,3300,3300
25025170300,"REVERE",1,1,1700,1700
25025170300,"REVERE",2,4,2562,2625
25025170300,"REVERE",3,1,2850,2850
25025170300,"REVERE",4,2,4100,4100
25025170400,"REVERE",0,2,1838,1838
25025170400,"REVERE",1,2,1995,1995
25025170400,"REVERE",2,2,2675,2675
25025170400,"REVERE",3,4,2938,3575
25025170400,"REVERE",5,1,4950,4950
25025170501,"REVERE",0,1,1050,1050
25025170501,"REVERE",1,12,2506,2565
25025170501,"REVERE",2,11,2906,2500
25025170501,"REVERE",3,2,3674,3674
25025170501,"REVERE",4,3,3008,3000
25025170502,"REVERE",0,2,1900,1900
25025170502,"REVERE",2,2,3452,3452
25025170502,"REVERE",3,2,3628,3628
25025170601,"REVERE",1,6,1992,1850
25025170601,"REVERE",2,15,2576,2600
25025170601,"REVERE",3,5,3079,3200
25025170601,"REVERE",4,1,1200,1200
25025170701,"REVERE",1,4,2694,2725
25025170701,"REVERE",2,7,2981,2960
25025170701,"REVERE",3,3,3433,3450
25025170702,"REVERE",0,2,1725,1725
25025170702,"REVERE",1,6,2071,2050
25025170702,"REVERE",2,18,2557,2595
25025170702,"REVERE",3,2,3325,3325
25025170702,"REVERE",4,1,3150,3150
25025170800,"REVERE",1,5,1580,1700
25025170800,"REVERE",2,3,2633,2650
25025170800,"REVERE",3,8,3137,3000
25025180101,"WINTHROP",1,1,2275,2275
25025180101,"WINTHROP",2,4,2488,2600
25025180101,"WINTHROP",3,3,4000,3300
25025180200,"WINTHROP",1,4,2088,2100
25025180200,"WINTHROP",2,4,2962,3100
25025180200,"WINTHROP",3,1,2900,2900
25025180200,"WINTHROP",4,3,3750,3700
25025180301,"WINTHROP",3,1,3000,3000
25025180400,"WINTHROP",0,2,1845,1845
25025180400,"WINTHROP",1,11,2522,2495
25025180400,"WINTHROP",2,13,2819,2895
25025180500,"WINTHROP",0,3,1432,1350
25025180500,"WINTHROP",1,3,2333,2300
25025180500,"WINTHROP",2,7,2765,2695
25025180500,"WINTHROP",3,6,3150,3100
25025180500,"WINTHROP",4,2,3450,3450
25025981100,"BOSTON",1,1,1550,1550
25025981100,"BOSTON",3,1,4950,4950
25025981201,"BOSTON",2,1,3400,3400
25025981300,"BOSTON",1,18,2522,2475
25025981300,"BOSTON",2,24,3016,2922
25025981300,"BOSTON",3,18,3573,3598
25025981300,"BOSTON",4,11,4259,4050
25025981501,"BOSTON",1,1,2550,2550
25025981502,"REVERE",2,1,3720,3720
25025981700,"BOSTON",0,1,3100,3100
25025981700,"BOSTON",1,1,2900,2900
25025981700,"BOSTON",2,1,3450,3450
25025981800,"BOSTON",0,35,2263,2275
25025981800,"BOSTON",1,20,2730,2598
25025981800,"BOSTON",2,11,3034,3200
25025981800,"BOSTON",3,11,3625,3995
25025981800,"BOSTON",4,4,5736,5875
25027707500,"GARDNER",5,1,3000,3000
25027713100,"LANCASTER",1,1,1665,1665
25027713100,"LANCASTER",2,1,2150,2150
25027715100,"BOLTON",1,5,2209,1995
25027715100,"BOLTON",2,1,2195,2195
25027715100,"BOLTON",3,1,2195,2195
25027716100,"CLINTON",1,3,1375,1350
25027716100,"CLINTON",2,4,1738,1850
25027716100,"CLINTON",3,2,2648,2648
25027716200,"CLINTON",0,1,1100,1100
25027716200,"CLINTON",1,1,1200,1200
25027716200,"CLINTON",2,2,1825,1825
25027716300,"CLINTON",0,4,1358,1350
25027716300,"CLINTON",1,4,1550,1550
25027716300,"CLINTON",2,3,2083,1950
25027732302,"WORCESTER",2,2,2562,2562
25027736300,"AUBURN",2,1,1734,1734
25027738100,"GRAFTON",2,3,1832,1800
25027738201,"GRAFTON",3,1,2650,2650
25027738202,"GRAFTON",1,1,2450,2450
25027738202,"GRAFTON",2,2,2325,2325
25027739100,"SHREWSBURY",2,1,2553,2553
25027739100,"SHREWSBURY",3,1,4000,4000
25027739300,"SHREWSBURY",5,1,3900,3900
25027739400,"SHREWSBURY",1,1,2866,2866
25027739400,"SHREWSBURY",3,3,4022,3700
25027739500,"SHREWSBURY",1,1,2200,2200
25027739500,"SHREWSBURY",3,1,3200,3200
25027740101,"NORTHBOROUGH",1,8,2808,2560
25027740101,"NORTHBOROUGH",2,4,3907,3688
25027740101,"NORTHBOROUGH",3,5,4321,4487
25027740200,"NORTHBOROUGH",1,1,1800,1800
25027741101,"SOUTHBOROUGH",3,1,3500,3500
25027741102,"SOUTHBOROUGH",2,1,2450,2450
25027742300,"WESTBOROUGH",1,4,2011,1798
25027742300,"WESTBOROUGH",2,3,2317,2250
25027742300,"WESTBOROUGH",4,1,2450,2450
25027742402,"WESTBOROUGH",4,1,4299,4299
25027743100,"UPTON",1,1,1400,1400
25027743100,"UPTON",3,1,3000,3000
25027743100,"UPTON",4,1,4200,4200
25027744101,"MILFORD",2,2,2325,2325
25027744101,"MILFORD",3,2,3425,3425
25027744200,"MILFORD",1,2,1625,1625
25027744200,"MILFORD",2,1,2947,2947
25027744200,"MILFORD",3,2,3250,3250
25027744300,"MILFORD",1,3,1517,1550
25027744300,"MILFORD",2,4,1800,1850
25027744300,"MILFORD",3,1,2700,2700
25027744400,"MILFORD",1,3,1817,1700
25027744400,"MILFORD",2,5,1970,1850
25027744400,"MILFORD",3,1,2200,2200
25027747101,"BLACKSTONE",1,2,1450,1450
25027747102,"BLACKSTONE",3,3,2300,2300
25027747102,"BLACKSTONE",4,3,3600,4000
25027749100,"UXBRIDGE",2,1,1995,1995
25027749100,"UXBRIDGE",3,2,2850,2850
25027749200,"UXBRIDGE",1,3,1350,1300
25027749200,"UXBRIDGE",2,1,2100,2100
25027749200,"UXBRIDGE",3,1,2600,2600
25027750100,"NORTHBRIDGE",2,1,1850,1850
25027750100,"NORTHBRIDGE",3,1,2100,2100
25027750100,"NORTHBRIDGE",4,1,4500,4500
25027750300,"NORTHBRIDGE",3,1,2196,2196
25027761200,"WESTBOROUGH",1,3,2007,2000
25027761200,"WESTBOROUGH",2,4,2470,2525
25027761200,"WESTBOROUGH",3,2,3250,3250
25027761300,"GRAFTON",2,1,2000,2000
25027761400,"HARVARD",1,1,1750,1750
NA,"BOSTON",4,1,3000,3000
NA,"QUINCY",0,1,1695,1695
NA,"REVERE",2,1,3000,3000
